"kag","kat","kac","kga","kgt","kgc","kta","ktg","ktc","kca","kcg","kct"
1.38186545252803,1.05877029705923,1.0910495998991,0.90953390196214,1.29372591689175,1.3523876409226,1.12347688327635,1.12499655125096,0.854749477216419,1.18581359625873,1.38427474347685,0.480057053882272
0.830450051497945,1.12957849197377,1.54613704984327,0.667436369181965,1.68545498792558,1.46270694093691,1.60108091451921,1.51675413859951,1.04262303941756,1.1180193029291,1.62462700507292,1.1542877442039
1.11229666228036,0.102260648207275,0.37410373603862,0.881989033343135,1.65099444883119,1.11715994104647,0.178922604275646,1.24440126676488,1.33301215565178,0.450443729039414,1.42743814495604,0.85097386469997
0.26929479492919,1.09334216422832,0.949140572659026,1.70763441256434,1.61404987070384,0.00235474164165651,0.440679302518202,1.59195603480606,1.50025443184185,0.888845275419847,0.745114074855677,1.76980752328687
1.05444592394187,0.0607170875161351,1.63360591838727,0.510208499329022,0.343334795417474,1.1703292558001,0.309501638287107,0.655470102539396,0.888838316001344,1.44131115067566,0.651024648610185,1.09277471000848
0.598480824842734,0.833097698236644,1.56089839833587,1.1138616412514,0.776143889151663,0.607321485640911,0.664797438368228,1.09881347364453,0.278670359909464,0.545424533089913,1.28944566337935,0.0890892907847012
0.664775922106675,0.484964842262306,1.34236356395547,0.682884230189407,1.59405867064317,0.563855794971864,0.505608791625076,1.63303925214468,0.132527798542337,1.6092847719772,0.187727204955555,0.465435662466953
0.766530520510178,1.13522002626148,0.5295837948318,0.518436009510035,0.740381960161708,1.02584422952286,1.42586619358016,0.3205103010083,0.678963422075934,1.2881361096875,0.335151569474639,1.57329740315422
1.6253285046555,1.07055129479026,0.0030987023486265,0.41788460881411,1.35694362573315,1.5677422765844,1.10691610890948,1.14226770785314,1.17371370945116,1.47314053777063,0.0601886530420607,1.43541043135551
0.014720111853875,1.09021946439044,1.61751172667823,0.782353030562828,0.734305618681912,1.20965110769714,0.500104621755832,1.28684110906847,0.79334507999208,1.37806056085444,1.47284338698007,0.70716906555171
0.923321223009477,0.339700321315829,0.790908369026519,0.00034160510783467,1.67326674544997,1.75985309580143,1.4062637285484,0.999720060023898,0.583822192390543,0.619676953982596,1.61677761799103,0.83880803831321
0.426567421136405,0.364108459409904,1.47076293054539,1.08186991869255,1.46890510847658,0.00543674817228132,0.285562495795581,0.353190313953058,1.43354591629751,1.50316365016614,1.53595548089608,0.76409425862044
1.07982847990907,0.964634837609555,0.568768865857606,1.13854815650453,0.405785442957551,1.40195923290097,0.341516533912432,1.0905553395924,1.04813143738594,0.715166002946297,1.17658843313884,0.830059133089202
0.360251600196224,0.936348368026217,0.0717156900172978,0.334766162298655,1.63827717953709,1.52906227175226,0.278455012971766,0.734022687927528,1.6186743969685,1.74198784204815,1.42086153468586,1.59307801932952
1.24352266122923,0.934847355130446,0.795159965888002,1.36076221421931,1.069259539917,1.47860761489857,1.20372163495694,1.16661632538746,0.0699548163807715,0.554874328376608,1.28840660958745,0.567697168191213
1.0523082061507,1.05836273142651,1.2924098884649,1.62640031291519,0.734218453148586,1.25503297599488,0.826912739474727,1.67448668505609,1.05555831952357,0.87851037514658,0.964742357755874,1.70760820446584
1.25418934475237,0.245158673203795,0.867797466556634,0.82797525370812,1.70822257789301,1.48736773989659,0.853814035522005,1.6047670738129,1.35574306885951,0.410104720823772,1.6836021559605,1.20209876374491
1.07898131177555,0.455681033087772,0.689736434353945,1.04045565246031,0.552756769984509,1.55256251803201,0.0360419143599117,1.15098916038512,0.884524723636112,1.39485629948334,0.668952368307649,1.24776266213191
0.33777859098189,1.38289528518467,0.216497494670547,0.556981726428228,0.279007461691655,0.342413693149736,0.463588152804414,1.4769771973695,1.50524219760966,0.171343841930081,0.281380955600205,0.739801526310071
0.798707523710159,0.86553337748855,0.832765756637269,1.39867434212454,0.702653060218943,1.25663262470857,1.15615876415869,1.30345464272291,0.0626046608581683,0.0414433175001455,1.09694287050918,1.07697689954497
0.7539822842772,1.63996305038975,0.456481623009979,0.783526664670657,1.2635542961272,0.614154413058211,1.73923849178421,0.247997302841176,1.35272614522891,1.09189556197918,0.960202124112231,1.62187901753626
1.56732311373613,0.358678768263092,1.23344876114283,0.457539801483333,1.69678497151917,1.77192782514685,1.18778794051709,1.64957355240264,0.521612639081251,1.61650918920196,0.542161790297372,1.45867375243673
1.04553317893376,0.867858434883221,0.409616466487287,0.832172661947407,1.33555993245187,0.321067518226403,0.912685891011091,0.146766049525399,1.55244802589976,0.36192327656646,1.48254730095314,0.147411757720766
1.57576854173014,0.0147409917850419,1.51616342627364,1.45743943905299,0.185803233012731,1.1334361596915,0.137401611739147,0.572889348078796,0.492765856924166,1.21414083832408,0.839297356272375,0.882950363923573
0.381214665686936,1.74891858337408,1.47221214849363,0.800941140135084,1.70512256476244,0.70217848719522,1.21255896413197,1.78077972498909,0.903002290178528,1.47898418634018,1.14112730409942,0.35368330369355
1.78402512390365,0.924614520743046,1.18741213652595,0.801191557297237,1.11635357220545,1.33393690666057,1.29664096398561,0.186339450909173,0.899227422910108,1.73116942954503,1.33195380793716,0.297481147414652
1.094080777079,0.561008665988067,0.465210376375375,0.329624367712941,0.82293585888274,0.688359603490461,1.61477349606786,0.284240040389943,0.840240472052599,0.186510333894581,0.423936034545134,1.41656060944256
0.340298830469313,0.519012655541162,1.75458940645394,1.56340352256787,0.4832198458858,0.852179456920049,0.0815090098758374,1.31908739771386,0.0086303890037512,1.34969665124551,0.996198973378244,0.539893286713416
1.50727675447372,1.53654073100213,1.24711784035859,0.684829817676406,0.377646547565005,1.31865957130488,1.00803431054051,1.22521613769737,1.36238175548384,1.01417023499825,0.965543470482771,0.686535235894761
0.971371700084229,1.08766830611644,0.949295029188143,0.147869664250468,0.819074912743946,0.805157465693386,0.82500223645526,0.855338811734097,0.489613323286997,1.76880880756314,0.168000857415027,0.131419774328363
1.0105734778198,1.23854634186792,0.0212803497076747,0.215817076097862,0.748173352368681,1.65253175057228,1.01592888043114,0.610748157027324,0.761389427605436,1.52477894089752,0.360006396000053,0.850520138932121
0.175683037063066,0.851739978417793,1.13648049537947,0.20712755863787,1.42963189961802,1.505770523585,0.878336055809521,1.7091716296848,0.770232674778732,0.912027594868537,1.49422586959985,0.751224957471529
0.873845081845793,1.1719268987535,1.78364403698788,0.554770341351077,0.525555636232183,1.33575711444012,1.07791493138473,1.18092157286976,0.975672883378557,0.40582579107966,1.6980912061553,0.19583579675886
0.0628814570357411,0.79749094756465,0.522487094435775,0.847819593826388,0.938810866500611,1.04020672705096,0.238576672767003,1.26136199802924,0.637740239700659,0.225035408824767,1.59473526327417,0.313696554825844
0.258007326080988,0.737129853177052,0.825547871538722,0.603612446520548,0.308054091386859,0.435037059846903,0.485353810626317,0.374515592607577,0.385660326978584,0.834584944780108,0.664869878655071,0.237539620965169
0.175200945370631,0.847659652456094,1.33480651015299,1.53509038575627,0.00813137904997385,0.331731347269461,0.854288608964642,0.669784686777227,0.349320262299269,0.782806946517639,0.574878208545545,1.5683041064647
1.33290305452397,1.71989758367604,0.461485929178687,1.18944718687072,0.161958772628672,0.63751581573412,1.17888103517033,0.128024570086976,1.12039479212509,1.06099644592295,0.578290782218667,0.522292292298033
1.40654931898786,1.7470960757566,0.114334928057957,1.08208291719829,0.88249514514618,1.75286178621179,1.78255292098132,0.400783582827767,1.55062362604768,0.833598589114341,1.39004185310484,1.66864859128636
0.660524068450901,0.00967928182908597,1.13562312459516,1.21718627408025,0.564341218287447,1.06995629948752,0.181810898682792,0.640244206892148,0.704410275898305,1.29091060694075,0.835116329665579,1.78169518909312
1.03618253012117,0.191032046092953,1.08922087811114,0.634499980861043,1.65635832565411,1.16456555738891,1.01719519046723,0.50949747364178,1.47977508091646,0.812335922186084,1.72648668931341,1.48163041547386
0.65326433886939,1.33836270263079,0.544535115383574,1.59336936480969,0.926005611858458,1.09759225174262,0.495934199957284,1.73163900743806,0.427038563254359,1.28473252758476,0.251888190859074,0.936881539579954
0.372503471940238,0.853622977637715,1.1832637584017,1.25184445806288,1.59279350801257,0.0898399800885534,0.422338408767209,1.16105470732608,1.78652092520427,1.34465429846829,0.93743815900776,1.68969362568206
0.476117921213114,0.662772736037412,0.209907750608217,0.172647158830106,0.471480108252687,1.70737773431335,0.913726566838055,0.499836850242849,1.11095974805755,0.252728770312995,1.394611096125,1.34726476575047
1.19779463841747,1.68347906268574,1.30684695561978,1.79232131378041,1.64903430073092,0.87246866863958,1.55946262459506,1.57720657299858,1.37325776656923,0.668052783139293,1.7251646771188,0.992633060000765
0.238745901460972,1.72489085481181,1.25304729131527,0.0332813070386021,0.0944468947891841,1.69585075179693,1.64405402933481,0.369294240385934,1.35265012992988,0.571927741434023,1.58352330116339,0.535957021929592
1.30982797161681,1.23794837018112,0.142205882277345,0.943365311383242,1.7078826295901,0.21793076079208,1.13505055166498,1.33989380151208,0.692946918880063,0.738547946651936,0.00116806883516203,0.387047593827968
0.310651665333543,1.19977139059357,0.387829186418585,1.62900753989748,1.10355186869739,0.970552186559297,0.430438075607459,0.825113079846448,0.846157668098726,1.11494090953184,1.58079944223607,0.573769493961277
0.61809159693938,1.09805942088007,1.34814491959232,1.28162290205323,0.88848362066842,0.469709184868981,0.783964870093226,1.10404218534756,0.345784171829314,1.7419331348104,0.351692348656734,0.622593431667818
1.37369585511479,1.38526157838024,1.4446827549772,1.68959321995243,1.23514775196348,0.677419010107295,1.66172798097693,0.564221176382354,1.22454634948669,1.34526921857824,1.29174124263273,1.22974324508932
1.2716369726529,0.057769751786863,1.6081496389996,1.57747441614586,1.15788190998026,1.47514628256669,0.0302573171664269,1.5061935647392,1.35292507031837,1.23115536694494,1.53323161568505,1.57524655182925
1.69924576585136,1.79702237144617,0.267509306324154,1.31706705418335,1.62859453717979,0.424732131195635,1.54106230831018,1.10831936361219,1.24851255843153,1.24793589229253,0.142955078571653,0.782892427178803
1.71232360784199,1.60420127849255,1.62008201675523,1.61858330788653,0.617256535420842,0.645166957205083,1.48587819309628,1.67275567998871,1.15972136643981,0.538542076630988,0.766663034323276,1.07303398701467
1.43539177543884,0.255298676664753,1.69245835763075,1.05995615465906,1.36306954526751,0.305725711166234,1.12968038484815,1.12176123978584,0.981450538329013,0.642581857679888,0.796539613110398,0.891746232340874
0.383486839795477,0.932755813812059,1.66353213680931,1.64127713254209,0.720265999967416,0.0910915724186093,0.0381720439426373,0.443896165429088,1.76624691252298,1.62834394114135,1.53385108352554,0.740012618338136
0.226490674634625,1.61056517469961,1.301108389117,0.0852188306897495,1.19631134432772,0.920202942714438,1.32593704985422,1.59450448731445,0.987598266945822,1.55634634251986,0.559500249624938,0.877177487944182
1.05783533125114,0.688637866704908,0.77287233324611,0.0457161775991179,0.47047553192191,1.74044918637697,0.725896549072947,1.57399011894777,1.55483652530827,1.15225161264205,0.509887691207379,1.63566823877757
1.55594816139887,0.201104656762014,1.71795722549267,1.04783675274217,1.35139883670443,0.840124830839216,1.30761502315256,1.48550581205154,0.841278278737485,0.453670574252323,1.12484930255636,1.03376181413046
0.988859241274121,0.54887042760257,0.975609192110883,1.01060333214588,1.55728192622612,0.341645357093072,0.747870874248606,0.768986720193468,1.30534629586852,0.618927232370115,1.28499226725936,0.545184476928052
1.26289008156747,1.38942257545132,0.715367377844908,1.0970722550346,1.65079487735741,1.79438379880391,1.27617869763043,1.68051712068156,0.985135473974876,1.64299471811796,0.681168217635656,1.68784241198182
0.969598827912532,1.00978068263064,0.825404226761375,1.73074054998622,0.61940285561127,0.331836574280472,0.554803679785,1.26931469894185,0.0595480702596469,0.692102508876404,0.276323936643371,0.318691701858564
0.263500661158192,1.20206700042768,0.0708458712030738,1.30223341537512,1.65622443612739,0.60073293967266,0.632090815586429,0.511839719078419,0.779963865081039,1.21166719170996,1.40563538517671,0.345995248776474
0.892703057501099,1.45744837658346,1.23062377134573,0.88857821019589,1.04263863977541,1.67969352609631,1.47769263380239,1.40328382686265,0.0712573260334929,1.20593299154793,1.32275594879483,0.439138730734324
0.512054305268269,1.45443157234336,0.686655194017051,0.786149007746208,0.28483940161453,1.78169041808142,1.37183040797311,1.64770239169274,0.578476714690004,0.23836080763267,1.11902140599154,1.43929478766611
1.59200091976693,1.54315908060786,1.72504887881266,0.769239569989296,0.299110140636068,1.67113390298009,1.75097620187349,1.15749100036871,0.375312856352519,0.732022744671642,1.41600179574315,0.540598669209983
1.46247421828377,0.550416573037396,0.763365316399762,1.68311531126967,1.25954853392748,0.650830894176391,0.763436218434348,0.410990509478012,1.10873773513188,1.77878247576922,0.361944479061417,1.73176843720619
0.994932741679078,0.813177135456907,0.831484671503932,0.0585731073793864,1.10475959402763,1.5221036923334,1.46128685510698,1.42223684949953,1.68872486440486,0.799681024161599,0.935400803379171,1.6230918100504
1.66482173762671,0.72094628071739,1.23605194476707,0.678194982128595,1.37789630885895,0.762282886994175,1.0433095251219,0.367466598139391,1.10998995792752,1.60391601354928,1.01290023893776,0.215024673431132
0.736331733590781,1.74450713520882,1.74644973039302,1.63945259361056,0.120509592007996,0.658776658710764,0.765411095551331,1.61789473012561,0.626644132449408,1.53017955522267,0.262802165608004,1.03262799025915
0.181211319622918,1.51517164944163,1.07732756115486,0.742606362991823,1.11692684304638,0.0486101503857146,1.69578243948878,0.0987910884041762,0.646498925310136,1.05511911582891,1.44595250890539,0.430004534792428
0.668632611241266,0.78511339072487,0.617061307247549,0.148124846559523,0.343486166225968,1.31775169205798,1.05971559998952,0.485904791471504,0.153911891467587,1.00360354666901,0.486309667676257,0.705340593855421
1.07637642065779,1.4736368687693,0.547369234573773,1.38233306403868,1.19409714917537,0.552877325897096,1.42094145887155,0.696077703758402,1.20724301400457,1.03282697357766,0.576877795724519,1.46775372079743
1.35552834903609,0.264628355060748,0.522865576544204,0.487571425792675,1.48796518877871,0.39789353568439,0.359250727903152,0.418737739350785,1.40041776087088,1.53798358061954,0.354177096073291,0.684676803468237
0.994516697645643,0.611179285316552,0.723108324845308,0.942509463770277,1.60595071116846,0.944805136022569,1.02409555131109,0.327929567708083,1.272507810266,1.10461567611834,1.41879175008567,1.56368342289828
1.11119844442452,0.565721094655808,0.645818659641067,0.892710097770007,0.983648498468779,1.4736349916156,0.434930125342373,0.60427851351805,1.62479156036216,0.890200548968205,1.73892438503003,0.995114027137265
0.324460172538191,1.79510288062654,0.173661894663535,1.43723995201249,0.345964035912254,1.18221954107567,0.49707521071741,0.788722866551682,1.74495051003031,0.713613750582984,1.62549371177494,1.13384121938059
1.28955954808628,1.05856661478223,1.37038676241907,1.18930551140815,0.200367618609115,0.867690268974104,0.954277450450966,0.560342086658727,0.313655171567208,1.00812072998798,0.782842249239371,0.410014047304498
1.29550538025653,0.512125329625747,0.671505053523233,0.787710456947769,1.12376978627882,0.660458480340575,0.378057982706465,0.403833248777648,1.13646705996924,1.4729851600496,0.746103339041439,0.384049145562101
0.416522829531125,1.29899859487722,1.12598738468862,0.719133524161397,1.2213089225058,0.643504920046294,1.2716885606569,0.509883773523526,1.07455456235703,0.656696620771184,1.78257028454826,0.134001335705801
0.192412839464089,1.06053943251793,0.6187806170735,0.0680627933340886,1.09612735342394,0.359214274424625,0.58460336439149,0.0530102325759685,1.701520161042,1.07588838289985,1.30706223636907,0.0388000505074566
0.56087989642842,0.741217474107379,0.541064953182124,0.946131405221385,1.64446182076218,0.797166182800152,0.269231967462212,0.847033940283326,1.48705235880599,1.42288259749172,1.27639823831632,1.15462983148176
0.810869785557579,0.229725963897301,0.348316210029922,0.402744101248029,0.421409076514766,1.05912583315258,1.00971407153229,0.239182674616529,0.0182436177279557,0.0959154452002332,0.493932694571042,0.951437955756148
0.136043391968534,1.58209760398025,0.0989921424146529,0.866829327785651,1.68722058314195,1.03508937567901,1.41108184545148,0.505289644497497,0.396469708533405,0.792751801817881,0.973952821183039,1.29522397979504
0.651236460332525,1.0291388185776,1.06346610908372,1.64987413535572,0.425937356865952,1.42240770232312,0.496503793989911,1.22805142398201,0.777788108640723,1.75482587000922,0.648669875968892,1.79870311981828
0.489496806543326,1.30888037764579,0.322066677998988,0.202275525199528,1.43935941897683,0.679820149408328,1.65133277928818,0.0115585087283174,0.412905749996057,1.65766607843462,0.346889818287348,1.5654716763358
1.56892311936457,1.26005952984901,1.00812339972699,0.847348799407065,0.802024316464357,0.827824804929369,0.554165147586682,0.348703855044565,1.66972023030479,1.39057760056085,1.1770743968535,0.0895591388772678
0.316312534178617,0.801501851514972,0.246421257837561,0.655483031901504,0.646887966565186,0.610958786155404,0.649639526600549,0.418014672399144,0.421422806421553,0.909472393236475,0.299418910425709,0.864089062091001
1.445631265951,1.77121650538197,1.54907267985827,1.62588168856948,1.21481931146008,1.10450630437208,1.49425682692652,0.923689914678501,1.72768067216944,1.55766538880326,1.64752319787222,1.0884941222027
1.36611709779619,0.908601375490345,0.836945793350251,1.22022874434412,1.40129040442229,1.19054590951795,0.586640138148514,1.73998305949758,0.665340661344801,1.2801313096958,0.732859725654189,0.666219519066691
0.7029046344216,1.51712620629657,1.03363414631467,0.810390302442706,0.622176172783744,0.834730357793505,1.34366649754917,1.73432653479082,0.296103240361067,0.377302009221249,0.749243716212855,0.537279282121301
0.523592030834556,1.61667801448173,0.0796757633976243,0.759577141908795,0.272124671777176,1.46265762344686,1.03323988203971,0.440307333684853,1.06526343242855,1.75399195463942,0.449009331012216,1.67311007496029
1.32640052291334,1.23900131474279,0.558361481730439,1.65026102464948,0.571047324095261,1.33123166888006,0.946390359432215,1.24595460243983,0.651666196151572,1.04264460050291,0.375756580967214,1.40917811627161
1.19577176883546,1.10678722666197,0.923026023101471,0.721980464214974,0.965274643725388,0.845759722826324,0.717518488735991,0.524750937601332,1.42767068161136,0.828333362771338,1.46843986257336,0.00182118594376903
1.4777920613678,0.685556734447829,0.91237459726452,1.43729172182517,1.03316929460954,0.614014301401653,1.06737475486664,0.574456592536818,0.715677928019105,0.848719949796528,0.749982765571933,0.877350677051233
0.76659225126027,0.82800899052927,1.70403521814416,1.62020693858966,0.935439183862159,0.560283022715244,1.15763050041081,0.598111126942251,0.224745913687794,0.821501608313276,1.55653348439595,0.377137401148847
0.866878731153072,0.569616391324782,0.562436978451393,0.254385179362014,1.40418373375696,0.880045880584382,1.46186512945688,0.670993823428773,0.385109305917652,0.269246757221453,1.03376346255711,0.509615930376247
1.10346362613614,1.49632330713297,1.5081074287058,1.20395874196414,0.452650087986233,0.810390603641881,1.38775811278039,1.11236868030188,0.757048558492054,1.00735205880011,0.665470467297717,0.970790290581855
0.612664159968873,0.819629633234529,1.36900202664815,0.716522848678946,0.69723691758915,0.0680391753809305,0.0436780499120022,1.4996630802532,1.5504157797654,1.01353196252662,0.156225899167329,0.73014121500208
1.47700400367722,1.40477726286066,1.68869312161441,1.28498894191993,0.652622520290637,0.943255430656457,1.61197382543372,1.50085669488381,0.80383482261427,0.892155035864503,0.690880873506357,1.19775590856019
0.315154620238053,0.950866704918598,1.34245166450487,1.40731843673807,1.61501519981853,0.226366264713115,0.441012197984786,1.48380033099609,0.956094650008984,1.27880390272652,1.01986663571103,0.785053273212643
1.65580109963881,0.940653176602417,1.0250039479168,0.306612876790837,1.16310052878797,0.523375075685961,0.645915429197062,0.785114797438126,1.77133488084712,1.576783182889,0.451127069537341,0.263917094781659
0.354966039348099,0.980891459038121,1.54379593463664,0.407643504645173,0.121445835922746,0.862270287416293,0.867760855985352,0.93490696408106,1.20075798797273,0.832612352839068,0.59394143237843,1.13087307074639
1.56282933975114,0.520651977087578,0.753240803122275,1.42634346441013,1.78294632313124,0.38701371834628,1.5564314666852,0.0840789895375484,1.72998661870682,0.181584571589891,1.53590200107639,1.79443910341304
1.6392103163666,0.427567704855288,0.339292655143747,1.53662687312852,1.6083038919365,1.23154767154016,1.05508942529821,1.07750323400309,0.936024249646041,0.0274781217925174,1.23152688795921,1.44417568930694
1.45990599135829,1.46224551804298,1.59985134198535,1.21419070919954,0.760707864559667,1.75196703614898,1.78838313749194,1.78196778607662,0.332638081624369,0.509771382663973,1.68065022432559,0.776256627709847
1.19613328534526,1.2489096386465,1.69744875501638,0.444875877118603,0.0255741454533778,1.08859036518378,0.937348271790089,0.27200736328602,1.32830720459917,0.659279425904327,1.05032070966798,0.416578598296979
0.184905767130369,1.28107259482178,0.33556610583654,1.62473309001983,1.08872779662848,0.0129182139680222,0.859492904683319,0.758893005055328,0.735834466738213,0.0195182909634046,1.07965940537546,0.775639775987375
1.51567993917863,0.591654649481501,0.0632377911602848,0.517507771460994,0.81212026986007,0.396765084804211,0.88018581797271,0.212582280315894,1.11602813257048,0.632066570937907,0.189384274631974,0.62528798839773
0.181886537378127,1.07750119137836,1.54708443351946,0.470022120758484,1.43605935806724,0.239760633105261,1.33201214841614,1.20974393108313,1.29703155145229,1.09381015820747,0.669425253945726,1.48210914915156
1.30909337154347,0.711555512509744,1.0149677588888,0.445177689584311,1.62646698810738,0.077706950479898,1.58829714220657,1.28576119230913,0.413402939349532,0.703658386405804,0.097252291558972,0.406835947764009
0.817181639238933,1.50475291483927,0.938596744886402,1.66669106810129,1.21551354958715,0.558586166261495,1.09723637716675,1.69656404757921,1.00719025661377,0.653829334063979,0.738278173148883,1.25143205774353
1.31269152077319,0.411877933153647,0.901933524910228,0.960193969113134,0.465425622773709,1.58030716339266,0.0792933522946642,1.76583976831775,0.612164370416117,0.321102877501527,1.46099213653117,0.56353864941544
1.63789508806552,0.259354037864741,1.2657786415661,0.781922755182532,0.861223198434699,0.991328393778703,1.11929985310924,0.22616424426801,1.13102343574234,0.679417381178889,1.30529092171967,0.720274653893104
1.39359757304764,1.00775785661569,0.835703110064517,1.52173492023289,0.776219300376689,0.081087023128209,0.590376035521929,0.19152803735235,1.363263281688,0.734896072956748,1.03111353650726,0.19309076298491
1.46547525418149,1.46200339621612,0.800911758344017,1.1539530009076,1.61481176511972,0.319622756266516,1.5549276998487,0.841701807507596,1.04663655152653,0.637369653702468,1.19618770646473,0.00752058691870472
0.269703842679689,0.681515618837779,1.79836334075663,0.926642532913481,1.02512029081115,0.644873388967158,0.683461592563498,1.10911476025737,0.575205016353686,0.850420930458739,1.40931786179732,0.422036262427033
1.5908859344588,0.918755682770289,1.05629227991521,1.65924830325776,1.02643187330358,0.757645649621603,1.48259554769897,0.245205332684429,0.933956040581455,1.59179061027024,0.578785394832046,1.70594394036016
1.13869403032334,0.556497097792529,0.672032851666921,0.654123427201162,0.487418841809198,0.606329804740207,1.61895239165907,0.681668699653276,0.0739497634774116,0.0186068610013214,0.119742504734006,1.13774526674439
1.02331154032987,1.54452285769177,0.0114515893046924,0.258302086967109,0.742670941519378,1.67241080106787,1.66531592043431,1.1407442482878,0.179303880540544,0.446604515740717,1.01112787532768,0.366953285204456
1.54728886690928,1.67688691238132,0.0517616639672609,1.69741246784672,0.0739444600260027,0.918971429351955,1.37864840697063,0.486548844956518,1.22306605272671,0.382761925433038,0.457116049432053,1.48551294699502
0.792807511097945,1.64628707352319,1.22593653197761,0.651404541202097,1.0923872254379,0.457735012900066,1.04946308376503,1.47465534382921,1.47700357470927,1.02689451439946,0.749667338400792,0.420921915124941
0.093792080659909,1.47887637379188,0.534774888475347,0.68823227918416,1.06010294380499,0.871798704903926,1.30427957280604,1.05352982350745,0.379302908019999,0.523524679934061,0.883226666620438,0.851682647102669
1.73608617304993,1.19140060134715,0.382859014620426,0.879501758618336,0.884721731356134,0.534975407113714,0.951724858653207,1.04722036936556,1.57478855984109,0.534115859652183,0.632234107219262,0.538531829575307
1.03246107020031,1.04215039172264,0.87691622467931,1.52852765285061,1.67837892867974,0.653493997166525,1.78121780850768,1.03523108088448,0.6202049259756,0.0867382477348684,1.02140932007827,1.61349537433225
1.43154425716983,1.38249948098179,0.648045214432469,1.39686534155159,0.667031875026791,0.359418339170116,1.68269276275835,0.0585784439250024,0.375185823610371,0.666912284711005,0.688973364465343,0.19151913584848
0.792115030734074,0.461758683673859,1.30534546851335,1.08158410203953,0.74960098158325,0.936209637948075,0.51841036694545,1.26222785224124,0.76733245221397,1.15437781574373,0.512008142619655,1.53537525105557
0.216123451375003,0.49760329707394,0.312293984628638,0.0123961147305716,0.459135827847556,1.15051748540854,0.867480581145812,0.117997716976678,0.0321173121422198,0.187110686269724,1.20904119444747,0.184437629463718
0.109137836403568,1.2202933475876,0.456659578939588,1.61217803721803,1.33947971380709,0.28797458425218,0.208819367596673,1.27652524843711,1.03121241613314,1.47811584671134,0.531779972911353,1.19293176138989
1.64005267955639,1.58165854522984,1.31392809713044,1.68792050718893,1.7827516135735,0.615462895586935,1.70954052997301,1.52914738795823,1.62235270078662,0.947267209718153,1.13787514181812,1.27815775634709
0.252775760316785,1.75886398954625,1.31956409546945,0.773334969315023,0.716045429972331,1.34028420298094,1.49669268875338,1.05745951804389,1.28212941266242,1.40961887874532,1.28063942055651,1.74137293282996
1.62712207871991,0.688398069850822,1.47014689319176,1.54518238711718,0.902409709915075,0.838997988588849,1.00257508302336,1.01392814794126,1.79920989518112,0.227374014736458,1.60220990747412,1.09547351703997
1.44179017926883,0.517518637671586,1.08487785536082,0.556774035144124,0.857353870664326,1.65404808147786,0.589466652373715,1.05016757942063,1.71589430060945,1.66223092662786,0.818561419675985,1.7151214331599
0.150613746670693,0.37239708663198,1.74516402589485,0.452079418601333,1.14110069803261,0.649132183190304,0.47939436039932,1.38772981555771,0.201722659241281,1.07810362785072,0.92069727800674,0.314235761673771
0.361194339791664,1.66614971725145,0.0430751409046361,1.17286597955394,0.217715916970112,0.0853161423204784,0.851613878178239,0.279591639796743,0.730927389674174,0.580833587347246,0.55481402277199,0.0663149018428357
1.59184990168403,1.19291075075755,1.05710611464178,0.97116423375695,1.36129371095482,0.335785268243071,1.28197151559251,0.386640935144088,1.45067351735103,1.06809560324967,1.08973610171289,0.179880477139818
0.879229811789382,0.825049931072421,0.751057632741751,1.44051273784958,1.04132892857189,0.496194570935308,0.0951047644772724,1.18305996092335,1.73349189679436,1.32883974317384,0.566821079909866,1.51873250191891
1.48374789511012,0.707637192326596,1.17319438468122,1.15894449501012,1.68749365894417,0.242784103524059,1.76728114335784,0.471192301758102,0.253554621588035,0.820224686347403,0.666238046795673,0.518862773971985
0.225719415395976,0.621307028421081,1.70262955426697,0.269450619212561,1.79341046885048,0.2651662054651,0.888001179601698,0.612910579015682,1.73298189788818,1.55732011861672,1.4097705331586,1.07132651653656
1.47543429432914,1.42708038275362,0.216624374509079,1.62955456032959,0.692119340003633,0.791151077751912,0.939132494436977,0.990358425610223,1.63918062416025,0.885507286035488,0.267537247051016,1.77454002296282
0.112185444228901,0.92616103859243,0.555554271481888,1.3290948689295,0.724414043798285,0.15861822242295,0.380395104824721,0.290018198456129,1.16821408521787,1.42918654333325,1.29835115363458,1.36000027037158
1.63076740520798,1.25919475685407,0.797952283324466,1.53040064002561,1.49459273019572,1.09517912689275,1.66007197366645,1.16982338654826,0.192910540730489,0.772365470749153,0.950646045313383,0.499682353079073
0.847037110624579,0.586254218640692,0.58531355392636,1.27204226483927,1.2956139271611,0.279340675532889,0.208470338494694,0.54304229183785,1.62752297607936,0.828032503335011,1.23927528618317,0.785198458336817
1.72378939372368,1.10271977644138,1.19301007108097,1.77523941415117,1.71623329001818,1.59648815450417,1.74902107948464,1.29434833304906,0.45556529384851,1.11360723267652,1.24865859604572,1.33799141830294
0.199355008345389,1.50976730217371,0.113610944522456,1.59037425068046,1.35598477721824,1.34151761821304,0.31601173003894,1.29830233423329,1.28150744599985,1.12009102458769,1.58520517180614,1.13623092232906
1.49742582681681,1.3793188344441,1.45575197046228,1.14681134224075,0.277999385334297,1.26603020948505,0.714245815167851,1.67601616022667,1.50032925197921,0.0885300422525475,1.60171003330073,0.57729139162446
0.120174056545301,1.43580637589458,0.797037373862588,1.16019619751456,0.919086485761375,0.984683077002278,1.09719125342488,1.07886622185301,1.26088580087589,0.542044674087748,1.45013767815286,1.77977952756649
1.34312908030191,0.0662444953835275,1.77764065399157,0.458430839130161,0.666108100087649,1.13261328270595,1.32535877592324,0.737916157293576,1.04260135768497,0.961024629521047,0.67306434992568,1.65221894747852
0.890645754443937,1.01831134035632,1.49404543495602,0.858126322132257,1.70406475074427,0.137425906657351,1.41368471572804,0.472448337509097,1.19355602076886,1.64788723247416,0.976821008974286,0.899588098240572
1.7293777171345,1.76414551960374,0.963278784043304,1.06922292892681,0.538539925507529,1.6119207691361,1.76644360982771,1.09455419180548,0.575580400592987,1.23154604028899,0.813051578129914,0.891318786305824
1.47073329740591,0.153522298502783,1.26552603892954,0.770670868052795,0.99486278094428,0.507423156391966,0.0784955808259385,1.66923888972518,1.50735317737609,0.446468989098035,0.915479654119815,0.344730360953462
0.882680940632635,1.07900268016045,1.01123239730641,1.48233087196054,0.144353483925739,0.305945068367782,0.449076203093994,0.761643410144757,1.56700441275198,1.22112591531102,0.176337638384022,1.67175833578946
1.09458290333412,1.4537336846374,1.10446771275643,1.07496669289576,1.25869374281566,1.38320856584041,1.71151930047683,1.51494844116356,1.57129580351233,0.594021480143755,1.48170821450876,1.61918869435137
1.30626196356477,0.568381757471815,1.72926469203913,0.505834590048493,0.368215374681858,0.688335359679767,1.55581027208115,0.0441877157815369,1.57353876590889,0.820498264008611,0.694234111360801,1.31259662376283
1.35306263288316,0.576551082172031,0.335834555571311,1.35850297072962,0.944467924484906,1.01932373362259,0.909505593847688,0.604039011160515,0.994898383189532,0.543263695015439,0.574226642256615,1.7693832153367
0.00666056273302661,0.901069782443768,0.589013634151634,1.35735452298901,1.09643370189058,0.83184327321003,0.28958435099604,1.19463258286478,0.978143829672945,0.147345442375712,1.78601933809149,0.840701313493879
1.77611212263426,0.237241000624243,0.451080774930813,0.197595260749731,1.67217524362359,1.26168164492124,1.27938564317096,0.320535882830353,0.614130681160441,1.03318610018302,0.962330727591206,0.370882287694944
1.20275613324967,1.42256489938772,0.910294789727647,1.43053970387932,0.227882424282866,0.721816040464738,0.498865457766724,0.430508701158796,1.12220790392017,1.60970728823214,0.738175684997691,0.406098462210943
1.00283787993244,1.0072232335249,1.49735185539925,1.66274728548659,1.21218226198918,0.447372638570149,0.936404670488524,1.77497337861786,0.235868993136709,1.31935875303622,0.107795748592694,1.03073540084072
1.26869792806978,1.71388490330211,0.141410638535776,0.32784889701762,1.2081105011434,1.44224825378306,1.56587494600532,0.855404551491296,0.941862585548071,1.37223796438972,0.671997352893431,0.582600810882387
0.1361257278422,1.17588333173358,0.527198785395938,1.57451506973291,1.5779176699012,1.0313811752245,0.996979314253788,1.23298963305987,0.178377973329074,0.159764756564342,1.38174015953578,0.94405965465773
0.733401228988737,0.044293604676689,1.65265153107503,0.749699465754303,1.56504410755895,0.303874538519562,0.650031354052701,1.25191666920376,1.44241773047412,0.785020350760335,0.90122673109235,1.28881745992495
1.02560761934767,0.300277867637395,0.973007876424232,0.963519138471942,1.47478637594344,1.44421647854551,1.25446985208919,0.252203912107852,0.211809833456017,1.40821726702337,0.968811533902195,1.75216294254406
0.318692298811033,1.56731027695402,0.327041074963886,0.463575606748628,0.359719904476556,0.342931454532579,0.279809457489292,1.7825011113718,1.13799050026454,0.46414541945437,0.158967362956057,0.425382643077993
0.751969847748695,0.966251474543233,1.0541974853106,0.721399153157394,1.45985466475663,0.78488844060233,1.21738448115109,1.50600914496637,1.02652834417388,0.565545411334721,1.11106079682019,0.831771125744082
0.22813857931026,1.5222314053919,1.35564334470298,0.966048502744404,0.112145120403805,1.5074211415667,0.655616201315033,1.55692169243103,1.37417720909965,0.384836682123652,1.59712550327041,1.03058810941689
0.800243611438439,1.65925139274861,0.567896507586633,1.49588454371694,0.928133227957103,1.3145448767997,1.75659880208562,0.622063551521483,1.09429062283787,0.287763756558858,1.73497134902369,1.62551708214992
1.49097457447055,1.6711004128993,0.614373825556408,1.43217274129662,1.02344472356756,1.34364231615667,1.26375097541864,1.19205764032875,1.01050030066321,0.56288713213945,1.66021520036761,0.406934611649173
0.0692906219289097,1.69900068020785,1.37820173739042,1.16194317954349,0.706835555957183,0.571600479104177,0.580020579556942,0.872238208959937,1.44077398854704,1.65764456678112,1.39969672062523,0.609556433374571
1.28306732427386,1.15069969708561,0.251761140103624,0.151003035503925,1.68619921296729,1.41045088805635,1.53472897858302,1.08004269452219,0.854975947577913,1.34825321849979,0.176930195607205,1.3190591222747
0.226974658142744,1.09490810460702,1.0188725087714,0.917402928151893,1.23499878488359,0.766319927827618,1.20740223442385,0.935008852347385,0.895214912424545,0.393027205129686,1.56931841416801,1.01580295529765
0.223253655257074,1.56117426117303,1.23698985428393,1.04247498975936,1.42755792922901,1.14742453014126,0.80246310585306,1.33920268764573,0.739763561389784,1.59133915794874,1.75470635216556,0.149563559401058
1.50548296257403,0.546450536034644,0.18270231628463,0.0130827265280292,1.40618652353357,0.683115327456179,1.67811183957768,0.155870352182216,0.567993608503614,0.420252697475146,0.82220739757535,0.0227595380211785
1.43190964235054,0.955716923621435,0.937614726237415,0.380050300470566,0.333298065571482,1.14469934493218,1.22124651939872,0.0662648537667479,1.78436367470941,0.963186770837016,0.900487524221603,1.01653456683842
0.0195214043323517,1.49893604283454,0.753410442351978,0.585794614252494,0.411341330694141,0.800357160595239,0.29021230435878,0.947607299195088,1.4461362554834,1.18009582632323,0.943176867522395,0.63918132569008
0.136678588354564,0.922581033366456,0.73998298310409,0.831746644828056,0.902654816923194,0.970581165773998,0.933233361125277,1.17134620098603,0.139999454628627,0.0611458636031778,1.35383391767556,0.465035093954999
0.823395959684045,1.73343554573802,0.971000369256922,0.266084544157091,0.967047205900714,1.21375915152344,1.78391006875097,1.11009210759619,0.617777735249906,1.29961709586416,0.707497813769561,0.63812064462441
1.19321412577253,0.957093711336776,1.37737495863976,0.189610119554846,0.096599737470799,1.42899765584246,0.383316781232848,1.32164269192591,0.615438818922932,0.284563276956121,1.33501244409281,0.108671348001388
0.606887196645453,1.53569019438102,0.864605325856246,1.70601267912278,0.149979820013038,1.0564548038904,1.75175657039736,0.415820423837537,0.253944105216282,1.01228142753554,0.705822717385321,1.7537369197881
0.501475427797976,0.247006372634383,0.761300010409289,0.973667979342926,1.74332747879313,0.271918922159524,0.12925711691033,0.857838035143298,1.48489008720777,0.716775251074608,1.3309826295261,0.982030785344999
1.06059862632476,1.67774674805569,0.424396725177369,1.56944220744809,0.0253275102469375,0.451042821321204,0.00820245535278933,0.811884531444945,0.963295444253614,0.570373557039281,0.772216512466461,0.0476149673638583
1.48610985589697,1.30259555732354,0.656624333806869,1.29435146568805,1.32702781439193,1.1640096702228,1.13942644659793,0.192654409581194,1.10875645095325,1.54944142305371,1.71332403859969,0.0845083349287352
1.51838234928955,1.18060451109614,0.796501408571296,1.59389059438165,0.614671856066403,1.31087581715711,1.7905524380484,0.188600453837721,0.139296212363754,0.808121865884992,1.12576670036748,0.699054698599818
0.657129084558286,1.60812613122082,1.77955622838408,1.50052517010388,1.35070980693528,0.0015606666701846,1.19688585976217,1.68792040623065,1.07077927491786,0.374965955333728,1.30490793838017,0.195618168834359
1.12386487892202,0.581905818291178,0.415647930127747,0.239787265144745,0.89850543759445,1.7010150370382,0.874501997666673,1.13759890447184,0.164145512156591,1.00231371042193,0.580725890419213,0.692529569929477
1.77048047932532,0.819090230753758,1.61430560514156,1.01904187277459,0.308497126050174,1.49696867600799,1.35848596784765,1.34890006656019,0.380150791658657,1.47452768983758,0.0915614259570581,1.68188122786972
1.59441264460616,1.10057526805406,1.32571621723752,0.593635484393582,1.2880953254759,1.07793993971349,1.59353403488137,1.17928280931681,0.18865041226621,1.28833708242866,0.803021412247598,0.161991497772481
1.48158469436061,0.545350601469182,1.6198671381634,0.451851683538433,0.617132359672266,0.690232071212087,1.62982391072949,0.532027863184177,1.39795955710295,0.466275634495555,0.841489545452693,0.749835826035871
1.64420735898523,0.920272953300003,0.976708647438714,1.22007391623828,1.68736501673439,0.949038568772434,0.872404209921433,0.743484621666674,1.57612425628086,1.51598730560633,1.41225673001764,0.637790777487229
0.700284701358369,0.192341680635213,0.579042691400126,0.559965511027973,0.927586450076213,0.469057830550542,0.55106214424788,0.154500460629363,1.45025645200523,0.620029000941128,0.858424161198548,1.57818152624382
0.193905937398492,0.614831804558235,1.44025948799087,0.859805795749023,1.13430759970295,0.957022374469444,0.893539861701932,0.797690511497981,0.173009490127665,1.1767416982765,1.47131442791155,0.736371028144147
1.24426288899342,1.74557539526682,0.805252863724902,0.617950584198779,1.11520980582895,0.587527744889573,1.13064605495885,1.4940968398946,0.693062862968278,1.29982105881355,0.340078939152398,0.0245462033556782
1.63196624076394,1.62658901231359,1.40224285779587,1.27867149029061,0.751653796395674,1.41492258359719,1.06759672986186,1.59568078990454,1.4794051773292,1.54501119287866,0.907397553600886,1.23076236988487
1.0396597916584,1.75411285280476,0.453946371319974,1.58300667378078,1.05788146792708,1.66222629218213,0.882306938809579,1.78716658312996,0.666977598013739,1.10841298963743,1.09245690424357,0.744795876568338
0.0595589146867102,1.73443668529823,1.66631035443791,1.66090432062218,0.629504105336853,0.297929863389816,1.54889510681606,0.914995248765285,0.160727253820308,0.142371946075943,1.66814653205748,0.20978468749526
0.653389626834672,0.591351332695572,1.55189905877424,1.02593508820212,1.66177344445805,0.639953482242546,0.751207972602858,1.51279136493692,0.232115518550208,1.08124226527224,1.09575721398808,0.302062333254411
0.31378042518154,1.55235875197221,0.419894073566605,1.2426886972654,0.46787135840386,1.72469784101799,0.586409676374301,1.28770422232608,0.434040480165726,1.53869100406518,0.806618709825129,0.777995647021212
0.3091822481894,1.01641476957911,1.5131223769661,1.54791119383791,0.735485079883667,1.55656417613114,0.680789675203609,1.5142680292935,0.587625245450522,1.09169849267879,1.61546758966959,1.42447744963997
0.787379087166022,1.2807263636465,1.69943633821431,0.0870632747395391,0.23408963240586,1.60430054100584,0.0953792595601699,1.65667669611511,0.0901834254856487,1.59337069318603,0.809794074694938,0.0239352943473994
1.50299975969344,0.815083901763375,0.95702632692316,0.970708397919216,1.47905317770795,0.693818149853426,1.45591705819122,1.25122131969781,0.195339389517847,1.07900181510302,0.0527501514864421,0.860757616143531
0.0161348024902289,0.874448188580573,0.0357711953679305,0.565839558511812,0.234241119253536,0.976710800237829,0.162349885413518,0.36137331200667,0.902700595846572,1.73051056242267,0.639567312643058,1.42292044176477
0.813495692334641,1.21990520322746,0.114537220797172,0.983162943614196,1.77941152668668,0.0634234932289146,1.13935845852922,0.144421070255909,1.38771324331934,0.327922265199002,1.57442856021893,0.113783644756853
1.61537954776815,1.19320331318293,0.769705713206329,0.544444534444298,0.317681040801743,0.612838354469556,0.972487322979491,0.306422220645085,1.10416244466903,1.17556233635737,0.208615909438674,0.470786583955095
1.49676188580793,0.792516043294883,0.911325365118834,1.46026750032764,0.587943525845008,0.154886268706057,0.807844903398556,0.621202964315371,1.77744597166323,0.867904334034921,0.13930149361272,1.75722221986634
0.80698703703896,1.72340596717315,1.23986639270712,1.42886801494167,1.14590229673723,1.5154309337567,1.77948037729934,1.6514894598318,0.859058536932026,0.759431078321935,1.38807265981319,1.68930236502057
1.68365640825763,0.482994032381478,0.826192266438657,1.40153578958932,0.28141017527155,1.36885375496553,0.274336122204913,1.40498813202647,1.19543561002871,0.956250758316055,0.372482697156488,1.79906476870491
1.35247103958112,0.39177461494645,0.594211013599951,1.67047475853666,1.36315462000099,0.0658094175729822,0.826370868752589,0.0182244545064154,0.36169657915357,1.69124989626859,0.0605669876927571,0.438667703398809
0.950442933597273,0.595221313552892,1.61453397695376,1.27203929348217,0.932556337012843,0.640819108984238,0.184300157384358,1.47214915094757,0.965936754498947,0.651468650545957,1.28623637275817,0.375421984290822
0.399538040034978,0.996553655724833,0.966068086136699,0.910397472673855,0.436575316711944,0.481756661344348,1.23425822115036,0.36977149110803,0.91064443505214,0.51342783634607,0.858458297663667,1.47484940574589
1.29514225260343,0.447828869862712,1.65881775181313,0.90849333086368,1.29535480999272,0.980190367477792,0.77023519957349,1.79771304419607,1.38952478334904,1.280913401213,0.607883218752078,1.62869419472899
0.570016850919093,1.19216171406948,1.08641775353096,1.243803806991,1.6794231858026,1.13277407237712,1.66433410286405,0.655616929806502,0.081644775718421,1.07887540486709,1.64994074226493,0.70483416828578
0.470432368278717,1.14744672001655,1.23738261549542,1.29352945124646,0.00790097550480848,1.29395827173839,0.217252932783654,1.29380319521653,1.50111721960328,1.03134224973438,1.03854866412942,1.64210224778521
0.0387223407012399,1.07281831583752,0.101158299859268,0.177224120340955,1.19975230612787,0.626469345185395,0.834483183025816,0.203359931041429,0.679136577669865,1.53570036309978,0.910917379734274,1.71918536911083
1.33757370741064,0.454491500774222,1.06321505391552,1.42256109439173,1.0415027770496,0.266645642613528,0.836560043921519,1.63728074061102,0.897866999651785,0.19478689304176,0.344166955956468,1.30286978262581
1.02911069520423,0.689249107493086,0.845646490368517,1.66715193509633,1.10589469642451,0.430308165763868,0.15454408088883,1.50981454436374,1.23961756322908,1.35297535214848,0.0143160973552468,1.67181111518492
1.67342857696029,0.48991731368666,0.356248796367264,0.449104822461557,1.79632595747971,1.24307375255362,1.05531853691256,1.38335004106208,0.735342033315531,0.798491528712482,0.88776125414101,0.487203854718637
0.551666426874296,1.02450831273431,0.813951351809576,0.568922887553977,0.256061207829935,1.25588935227733,1.51831800158362,0.311265533969326,0.318819432511458,0.793694087729444,0.7365140244426,1.49420521085528
0.614259576394292,1.52172692609677,0.534843242674903,1.07685105065382,1.65264770764683,0.895374366597841,1.787299803651,0.605110960175315,0.212836287571141,1.05414540047458,0.698333830527834,0.949341392496569
1.01279593353758,1.69959518705685,0.161571313192937,0.746104943901024,0.398493704575194,1.39901234708535,1.40242138554311,0.255285325456234,1.78882547759582,0.678064158214627,1.31730113663138,1.29570661984592
1.4324524820208,1.37244806610506,1.54021148766538,1.2786220961393,0.446381873834391,1.220420393735,1.53376010796926,1.66510331193752,0.953984512259717,0.271267009428705,1.23812640444765,1.09473748092939
0.659071700269274,1.0927030966579,0.841891909011194,0.459429767662211,1.23486059394779,0.933248940956347,1.28717603543019,0.694770407594164,0.475242530842512,1.59291205020549,0.501705667547763,0.918134853878174
0.920884893674583,0.222396062867243,0.419817137494571,1.05712621120374,1.69067210073741,0.52841042882894,0.181025174343262,1.75347929898058,0.970804789195857,0.624172938157925,0.024626364646701,1.57198100817762
1.03034737419541,1.45299666659237,1.05594240041779,0.790322682412069,1.43635113460993,0.438165196769763,1.40264270703247,0.339788914089198,1.49648799396121,1.2890095508512,1.33557465853618,0.291300629979105
0.369813735653877,1.10229398888691,0.828370806143678,0.989909460381222,1.75450088405812,0.602865181000927,1.46959195402806,0.175310421007566,0.419203128522593,1.53299360340466,1.70357073717793,1.14266242078502
1.02032798990306,1.10543693567688,0.646835939958213,1.67353002452907,0.179754430102344,0.705339512219439,0.693998172285863,1.57388375039607,1.0008159931227,0.203645655952282,0.210392889900099,1.78130097047978
0.691803396311513,0.0725704224811594,1.35461751435082,1.4157074106229,0.926532545363623,1.19275991155094,0.237154897875769,1.35251273451178,0.956199755534931,0.534033274943593,1.4186254361954,1.63655584635645
1.20693321955125,0.473362523506474,1.28408985316468,0.0492695516234358,1.21159055055339,1.1243992117054,1.54829539831176,0.466587618193506,1.37178965853138,1.26554303468997,0.833681300753877,1.48848580631729
1.41410335912292,0.0478953511210413,0.600688756811673,0.902918626766353,1.02404729618697,0.462868162357287,0.679711752056064,0.313818352399566,1.37487097092148,0.0734543096846935,1.16901400990463,0.608677390911601
1.0074677662019,1.16032136860284,0.214277006172972,0.92509999851745,0.433518693438129,1.09161392399344,0.822372450534434,1.0965363462967,0.852674387908078,0.363825847449084,0.711097266240777,0.891004969021236
1.08460678196758,1.42722210387782,0.173006345340167,1.15238959076954,0.457748726469207,0.990053237954311,1.10308889456487,0.21859395822859,1.6506377305625,0.209335828251504,1.47387191388173,0.873446330582828
0.912905904650898,0.00185603833293693,1.24881509478065,0.295197541561601,0.738286998829316,1.26529326433106,1.71576072820064,0.668937459576828,0.920869116953926,0.0396957322350363,1.11397286878673,1.75292159121416
0.371250427654212,0.544971389193628,1.48656889517017,0.134532757874618,0.677330542170302,1.23066041668687,1.62192048122639,0.943860555718954,0.902874647497577,0.525043970467148,0.936078604158186,1.79439313346487
0.189372437378699,0.65375639526946,1.34417417776629,0.266025383863385,0.81685088149056,1.1237346812845,0.652480305685732,0.784262942075708,0.410636842578992,1.71161215486246,0.95439491226465,0.725350435589682
1.42250083277309,0.780682130021345,1.42064496870838,0.578902596081215,0.924589321808401,1.09073082686173,1.37717282341221,1.42671964500497,0.195708463655365,0.703900492313932,0.96721494367971,0.344446469210332
0.972846215830828,0.762128655840797,1.46737807348013,0.637432158605656,0.889079329800639,0.969816894858919,0.981454155232604,0.332359252038175,1.35505358959563,1.70727234225022,1.1176132148061,1.13089196293057
0.0924324512436406,0.826129110124178,1.11743215723714,1.39140577722758,0.334632426094466,0.319183274831862,0.866208213194179,0.479194506158578,0.542616624930615,0.806930817102714,0.974047524655121,1.64906460832195
0.523942300759843,1.27856100507091,1.28386586235523,1.53773617377349,1.71101235419707,1.45030858543528,1.36652908003935,1.41931726556689,0.309290192695616,1.47432899640757,1.28161909580051,1.48254357345625
1.53595018414729,1.72375232067133,0.0254357241148637,0.446881837236463,0.115346797262793,1.47411668827212,0.252543754844433,1.70889769762234,0.312431557666275,1.05753881385856,0.422417217803796,0.160190740170572
1.50060105260717,1.73495570677443,0.949572412683162,0.817399971776804,0.378920602064456,0.901578721497489,1.700090507216,0.766004417292588,0.99323185736709,1.4735672846382,0.00429308359188046,1.21504188382668
1.77596910036314,1.00422842771637,0.464267797224002,1.3642192032507,1.58426918803699,0.669163500970373,0.667393985556665,1.09150614370151,1.53644061390425,0.891918252258914,1.11423435491386,0.417146740373636
0.550108130419599,0.713647930196247,1.75813037601541,1.16983990935478,0.0998254298323435,1.07652942481203,1.49139080156941,0.0887550434825968,0.643274122721956,0.289912613273636,1.73934853086049,1.34567409310734
0.541484539133542,1.30652650902093,0.474404551587872,1.34189994008731,1.17893507130782,0.0367397279180861,0.126514927562531,1.5733956996518,1.20776007119296,0.538716792679617,0.743782491732602,0.197548322272364
0.536916898040577,1.61735142169057,0.2407707386821,0.373841420042832,1.58906828875735,0.969997585040293,1.11496529493547,1.05001053693531,0.907487832084245,1.49409886031689,0.615795928876228,0.535325272368064
0.279052374300854,1.70171977943415,0.162978907844819,1.20798917442903,1.48324521379393,0.991142144608372,1.57377082793464,0.562318941887682,0.261841245982212,1.11418569344316,0.2590027977346,1.33843128932762
0.96327777110922,1.72471006702347,1.52956326652063,0.719230998330764,0.529695034515645,0.439194476040993,1.10607386427236,0.857703396179411,1.23077892452885,1.64687521120353,0.299525015899406,0.589848502131897
0.791658816616986,1.69844867930704,0.112543917747311,0.342881935963804,0.698176103118101,1.50103517864508,1.2286879583794,1.57549914399296,1.77810751690287,0.670560278005688,0.793827524829028,1.42592015305639
1.54593194870451,1.39990018171563,1.01850498712921,1.11600718016719,0.60164519698992,0.981389701122512,1.7397101135587,0.206870414973405,1.33872996705977,0.863954814392802,1.13534104884427,1.07580240875798
1.21155251609338,0.973522392061299,1.11889401214551,1.56461178117564,0.610689769629973,1.39053002868549,1.1781480885506,0.934081545125282,1.00089468444445,0.523154020207003,1.45341504942275,1.48919606245949
0.00163547382120289,0.743480265798764,0.205056535727857,1.14884012730754,0.903627094983543,0.951359107341643,0.335404639200324,0.537171319601783,0.409983917333003,1.41312601345976,0.754257304259356,1.35144973056791
0.605027316033186,1.69299005502607,1.25060107058269,1.11801968372194,1.56992683231356,0.885551065901195,1.28173748006285,1.69217477001919,1.17081892732269,1.51615114874174,0.907224097645609,1.28054537938749
1.28526886403387,1.79167612587624,1.6268745985639,1.65210476659939,0.603021672195407,0.923424446354763,1.03791381837442,1.20468841351412,1.07459957508668,0.872396608307747,1.461939867906,0.442082049078208
1.67866771878442,1.01501071307498,1.15707526633165,0.791585534312976,1.46286260477621,0.2139994387747,1.12697082219937,0.529436671811401,1.7620056921616,1.48009981426241,0.629194994132292,0.538881884597705
1.53876566752869,0.12117070744186,1.71099288558721,0.470611318710194,0.682560414265149,0.989584685981701,1.46856380959489,0.320418744837201,1.42667357242287,0.366385467367245,1.32938863028678,0.680563892698925
0.530284789204078,0.212760221164599,1.7038808889649,1.09416937864956,1.48350357482252,0.339120898303707,0.0982715889470923,1.24853203206836,0.826399834143127,1.63687059153558,0.841998909704138,0.802241696810675
0.88624942865564,0.338708489187165,0.840453433274991,1.273954554527,1.42279145520767,1.73130501525459,0.861372337688245,1.00958119368292,0.366332335665105,0.60631949861765,1.46890919330712,1.52743448625994
1.0813598158957,1.32264663443979,0.143216193959879,0.440032391620703,0.141985413278006,1.3833460119471,0.137486603527658,0.658543132999457,1.59407951915579,1.4334291322867,0.607764322995726,0.688812593226389
1.31590830911738,0.52292500829419,1.579803977704,0.650562524873111,0.968217239442599,0.409570610902645,0.963098134915503,0.655404401322286,1.12288941543951,0.87083008982771,0.802432465225382,0.410333211188638
1.4386958533149,1.58195755976885,1.05126365662586,0.962077947335104,1.08036222202369,0.939823422305514,1.17067367559119,1.32146306620505,0.746356642521144,1.42903779492648,0.711797595377601,0.281268146245553
1.5711986711768,0.16633309621516,1.61282284977524,1.15773299861594,1.27488104025873,0.548460301148487,1.69145900809011,1.64201385190143,0.0592735408258003,0.0729964458842205,0.590765419867555,1.13286612077219
0.649043979169139,0.611701759900958,0.861251735695116,0.440518669939787,1.22482756018013,1.01834049844731,0.171462318353506,1.10310397965849,1.29125354461406,1.1663199608985,1.24005599821653,0.38292082705875
1.59324718937553,0.147929205755926,1.31885750231139,1.66748407232855,1.08206735956966,0.286927307597109,1.18835388161952,0.553111126415996,0.36792953750205,0.84154999181242,0.154703836261301,1.55506342212423
0.150249680650206,1.26929804292068,0.591402920280659,0.189697350438758,1.25288691217983,1.18562523408612,0.704715516337383,0.609726447951229,1.73459347727298,1.66384503164524,1.54311887533543,1.28135707890933
1.57125672763208,0.29041584923198,1.06723517104174,0.00973246170633753,1.36967340086729,1.11647532411755,0.283056710517275,1.69153352744721,1.53396762959319,1.68973688064851,0.390787385426051,0.706276529868371
1.64494114887887,1.75134191673954,1.18826544384434,1.30596417686273,1.03386464914246,1.08334074296886,1.06132721079287,1.75744132320599,1.28248048774044,0.487991574345613,1.69095647004252,0.157582278229768
1.37521636175526,1.57838829047121,0.920686578942839,1.78576875755287,0.407714502611068,0.637420558457713,0.531898024555969,1.05100235607764,1.61076437836689,0.0359116011021258,1.50511661514783,0.471232398112888
1.07390301575706,1.30766531880683,1.02923455509164,0.601260657384858,0.0885172448483539,1.4651189275974,0.543348913855345,0.676972842804989,1.67232265904597,0.394924656464153,1.54076020092901,0.462681645081987
0.690399119039703,1.79486138507613,0.633209311812909,1.11636633065064,1.76590774507578,1.33141168042073,1.37308887929018,1.51669672559615,1.28153048962189,1.23318147096205,1.24199425051915,1.4172772192536
1.01473283358577,1.45302053338046,1.24088969952127,1.4929640239304,1.75810488970575,0.89780586669199,1.38420484557915,1.55586758412623,0.737835146444935,0.743930911710787,1.6711620514883,0.38422900336133
0.105963436711645,0.312570033044697,1.3509291720962,0.166428829796801,0.718360439295478,0.942332948067046,0.488705508133935,0.114250630828881,0.274536362265462,1.77007947556171,1.49946805399646,0.137722038649037
0.482430629060141,0.206518922238114,0.589053992746593,0.399701682929493,0.723166339828101,1.42094518008473,0.877679239690176,1.05315656902699,0.567913357983906,0.0380960965076747,0.874342473534736,1.77887589945899
0.415133057575941,1.46309481384078,1.03555282444111,0.6789447552675,1.46395910131437,1.23077758484183,1.70319963046962,0.762973186491692,1.08663060793028,1.03075347823714,1.69661319834148,1.49906464273401
0.615405188924855,1.66106068572354,0.432896663100624,0.778007472544894,1.67211290377253,0.889919049643004,1.18590663538544,1.59799442854104,1.52770179194054,1.08527189677353,0.629783710332886,1.57381745096975
0.925910099044502,1.66987567421424,0.667933416104676,1.07399091020077,0.536853990561021,1.72010041555759,1.44379937968659,1.55251966857432,0.919532643428659,0.721983413369628,0.890373955910543,1.66537286341615
0.645110609081148,1.43303868641297,0.170815570413558,1.62189773922243,1.16300449945303,1.66591646299642,1.48635449120791,0.553649683528289,0.539690381521914,0.311418525975052,1.4112528453139,1.74952345834491
1.43804052475922,0.344955890434083,0.0916783792091306,0.48262581408529,1.3485005013473,0.857841060540303,0.523511147754688,0.632676423445044,1.18293554346139,0.523174561236733,1.15201093900094,0.134338527135591
0.0996840890820704,0.0787476749008867,1.26471490913076,0.312361130261266,1.7342183657467,1.70516418093726,0.807535787167026,1.28263140947311,0.42219325757507,0.598694857228258,1.76433307369122,1.76960245943146
1.48630192043164,1.31638064681593,0.769198728805393,0.139040319157619,0.248856362267881,1.34569084883005,1.13578461427164,0.473929621230496,1.46889599123199,0.988602988639762,0.828170214195358,0.566947095109875
1.78963236630913,1.62612248369566,1.61140007703082,0.0400847760035697,0.914653468132478,1.64340098302267,1.27369431718255,1.6282135570871,1.33797802310845,1.34970523479365,1.33351572716024,0.0559152223822021
1.66968524051183,1.60719071130994,1.02267767525257,1.54056934496128,0.523137921760385,1.54198763490683,1.76070067153828,0.955315787480992,1.36521797050085,0.271200221967558,1.73815936970475,1.23655230906985
1.18795379569651,0.881893011129739,0.490268697504308,0.843985112580386,0.412353292060059,1.39309676343926,0.916606615760676,0.0108335357179161,0.627307406547182,1.0718980183036,1.25099941885037,0.37036065470879
0.52961865057228,0.833908128449025,1.65767247399486,0.198987286462307,0.967861769956579,0.128705190576215,1.54620471995624,1.12651144653822,0.0576327019728285,0.571810791952177,0.431927282249592,0.0214371027234126
1.19200392759287,1.3936193347928,0.088144890614112,1.56093271954207,1.09161248879403,1.48293581730893,1.48115014857087,0.248257957842901,0.1108853864799,1.63676358246436,0.281737284278867,0.0936085879437856
1.15669731163596,0.14031198333371,1.17088437048877,0.379018475877791,1.2351284111224,1.25687953262804,1.2999364030169,0.403551499779696,0.684415998495296,0.934737667941935,1.11515862961742,1.28940512507028
0.38141940195159,1.7481392131223,0.110064128597017,0.134861160907323,0.877919739481977,1.05324578723898,1.62199786302293,1.17054829672156,0.466593566772495,0.489099369832536,0.505250531752813,0.643439318949633
0.94467918868663,0.697171580408317,0.904472103615327,0.672109831306013,0.658907590704547,1.2368802948642,0.210242704618262,0.57606388349886,1.77778032746407,0.994695483862826,1.47812194358589,0.676298675267212
1.45193538103378,1.61958489736039,0.766434786928538,0.321209437915843,0.825036727321634,0.498452290415818,1.67524658167104,0.898437408891082,1.56625149021752,0.947843522293726,0.261052790323316,0.659308917450866
1.51102084915655,1.08786609511109,0.433128250915705,0.616355475256245,0.233476914107957,0.706249625953692,0.929257418062852,1.72016504435483,1.42946227044226,0.25395012459174,0.222326156591267,1.0038242146525
1.40467937145293,1.21474573340278,1.43812479852911,0.933289896922689,0.764512552222126,0.654197769357626,1.6035964747371,0.860895517609754,0.474981677275545,0.888672855857838,0.674867880738357,0.511946947660586
0.894574127306663,0.595599102358629,1.08132189119116,0.963713752936206,1.27319092413145,0.448472706350267,1.58762124371609,0.141590580117808,0.240892028950953,0.796541703072411,0.834852835264671,1.17636744971309
0.212236239327572,1.7401616584602,1.02378647278182,1.15807868520301,0.526575204238755,1.69940767402294,0.67436028765536,1.48399014931381,1.10655376588233,1.04049547023728,1.75950534061696,0.922986194432738
1.08531491714813,1.69187549533458,0.949421681137452,1.62685238104029,0.00392222236718211,0.184474281926402,0.00975144814616417,1.58714119674296,0.402593105786491,0.422674683194224,0.342684573004699,0.163205673959607
0.771354343441034,1.19271682708249,1.02544219062271,1.25531376819322,0.999402797590464,1.29967279676595,1.54193066762799,1.21155711535033,0.504449576118672,0.109646643499375,1.68309678940549,0.943429197864847
0.820094720788248,1.28999174586298,1.27365398749266,0.981185215787352,1.10796518731372,1.60908763020469,1.62362228714921,0.531308183152335,0.971701952203388,1.61602194570499,1.7162844331355,1.58636488623914
0.235565966239277,1.77985338420161,0.0125695736182475,0.603630935709441,0.565363773569849,1.32398749231912,1.30918159567251,0.249788393164398,0.86458906277642,1.48536723529593,1.07709455908607,1.31342829459135
1.01264892069157,0.723847032789464,1.15579352434114,0.939804931022051,1.67676757131937,1.15282498946822,1.73905159497281,0.547066823061026,0.455642986060338,0.83725562131669,1.38137921358686,1.41256809539851
1.07676592732631,0.322670115256925,0.631919588672616,0.0419032896948476,1.68249874817896,1.77939521794522,1.76058541614471,0.791131183525419,0.492772878760857,0.228350831730141,1.65978647832047,1.00890208505435
0.893484643389091,1.23185323621868,0.490657246116477,1.51478428677503,0.763218075245611,0.820273542194209,0.199676958845546,1.26332174690446,1.38126446172793,0.825792371121522,1.00545764584898,0.795268247619999
1.24796114317251,1.49740130652287,0.201562255808831,0.848828555349057,1.49055602323675,0.461984309085788,0.758727056458083,0.560661242164587,1.59816783296989,1.54810419338865,0.830528821994444,0.0542933582394646
0.333101578142665,1.51685332612719,1.77633907055773,0.0993482641497918,1.2189927305884,0.989376282962688,1.62672292320492,1.41505659796028,1.60120971968655,1.7454105056842,0.689709684599623,1.67735923960701
0.726745227810402,0.529326303468704,0.805092236592369,1.63766865247389,1.58020073409843,0.400923570066863,0.799287624106241,0.357485496304145,0.34945601012855,1.09124265348975,1.27389397034457,0.534770748348153
1.06761512563293,1.69676691841976,0.439426086058517,0.755906173693964,0.491341573156906,1.44784159033787,1.12685411233634,1.76987829922834,0.201949788554518,0.958130990190005,0.345848931327722,0.668637046283925
0.876516410631493,0.170608295948897,0.329582978589509,0.483081352912989,1.75827392695602,0.22892965108717,0.32868506111784,0.211255692742428,0.497256951954044,1.71353833196865,0.188801319336891,0.05620009187064
0.663817457317002,1.69966847103652,1.49695260395295,0.146559224974388,1.72210844971873,1.49229934563286,1.13990496495383,1.64611124860917,1.51885331253122,1.72782256881861,1.76426960570471,0.0770155685085704
0.385334898235374,1.45195265956118,1.38005905005979,0.394233251033641,0.403178758887819,1.45951812306248,0.667783180972071,1.12252524636618,0.772761331086511,1.67958278031209,1.02625017521508,0.503838698528945
1.21258295072946,0.765784543570062,1.62039205292193,0.658375216763092,1.19080260829573,0.614970024399109,1.44085418251335,1.73478237272313,0.290973220191526,0.826741530155303,0.431241153878905,0.671848095506134
0.344484029878596,1.27603636656743,1.40440512436713,1.26628073514593,0.86577703463527,1.30869394876134,1.09088396046039,0.829591258081639,1.18739735305042,1.5023653223796,1.75460917291166,1.769051981702
1.75570704851475,1.31916711286145,1.12459324974398,1.14788154983,0.569622648224486,0.740118556665141,1.59114343084886,1.12381081136597,1.24835741027538,0.390841270754501,0.761471271255137,0.982190506366522
1.27582795056208,1.23640818044682,0.0456768264923607,0.580193844068515,1.69872229048137,1.55950436057929,0.730001116331856,0.880943710503022,1.72130024561541,1.54710069827494,1.34263293153084,0.727743610497492
1.67121138322143,1.67331198355535,0.658601035294381,1.54022224621507,0.336235391350406,1.61066853754326,1.2966483263994,0.797920240172671,0.845661909755521,1.48721236594579,0.735671488241323,1.0776808011805
1.43222100773141,0.826099379796651,0.939708276248495,0.994178570361947,1.71438503301304,1.65882384407963,1.19332708970645,1.2449213769986,0.190691499999744,1.004889159425,1.6957370581148,0.0837895643592154
1.1597967495976,0.43569653062435,1.27937836914804,0.184810245100305,1.570987733728,1.31666340958579,1.68795397087814,0.379806451461229,1.16870411323629,1.19367313991088,1.28870393255168,1.6722091974422
1.2880802261392,0.439657851493139,0.805630330385763,0.180088234612337,0.882821610282659,0.677236991130671,0.914521261802266,0.601287437719903,1.53135842408001,0.681241863138115,0.741680836992105,0.497454146509716
0.564922461062043,0.958546166233604,1.30703024935175,1.43601985615144,0.147271271973994,0.910715817581099,0.441737973634436,0.452616977022618,1.52902667997986,1.0717331471532,1.42112114784843,1.38783994051136
1.07852197381666,0.342481874337806,0.386577275713879,0.0338420443911592,1.09208466814308,1.65208129149591,1.41938261070709,0.870769573928257,0.604647009973143,0.371123075280672,0.728543803289215,1.5895782897581
1.17951187903976,1.45840307324158,0.449110853566607,0.837252306869016,0.52882826874675,1.42791349799765,1.5589189148404,1.29815190472459,1.55534626490667,0.225339308320089,1.0616018206582,1.53123012831211
0.907293331564593,1.03043351799746,0.93604496075486,1.11762223947069,0.607000036580829,0.90488353582439,0.586813922951293,0.393026974726978,1.32314701801262,0.58129091996475,1.66496347802095,0.334630551454256
0.668570037636179,1.33306979235522,1.1661486418236,1.656253376802,0.289105662142136,1.6937121262191,0.830032271903753,1.17478334103364,0.756951222145398,1.4235431004733,1.21214513615366,1.60414406028421
0.0970701184219906,1.68192948592623,1.79207387593472,1.70566965012621,1.41295667710489,0.195713766268945,1.23858410654731,1.58072628267387,0.553793841894215,1.59031223632558,0.943219191661905,0.984679451301492
1.04132771497799,1.49997854470769,0.898786370966819,1.32962125072491,0.976025246198254,1.51410369979891,1.26779833075292,1.60496446148794,0.585726409186326,0.832651507475152,1.17602313506942,0.983903248039657
0.0783663856496542,1.5934969463292,1.6340319438849,0.818424761127639,0.491425358473058,0.729847954665954,1.48394096126819,1.10266556268434,1.17827107709686,0.536444944905093,1.15531559497834,1.12589856570168
0.994949481901965,0.352399979464811,1.05593769056753,1.30579928602337,1.24505952269169,0.0684717074510168,1.13059518623021,0.23293459053977,0.470860102945522,1.17438842073932,0.226372944297058,1.63872306658592
1.71363838958073,0.560065605923406,1.28059076411278,1.50261859946772,0.804737820256178,0.945193677094286,1.71847188104702,0.316704499872394,1.08106851859064,0.152282568560842,1.41435717493447,1.50142963980963
0.451717181140514,1.3653098777219,0.965343317556337,0.240820972337096,0.812190654954763,1.35615310105794,1.283040698937,1.21208655940718,0.897556772041377,0.620446304230087,1.46075653551984,0.345621923918463
0.452308102504474,1.09005637404351,1.75021397986685,0.00503227119258244,0.378807959856495,1.02577902890799,1.30331229071421,0.507374462664884,0.236955509886324,0.985104785591001,0.930720217622326,0.0984934881188729
0.229288860218587,1.51822045745561,0.439080604739317,1.22820956150856,0.567092215302376,1.64544568347066,0.954833653059328,1.19659638138176,0.146418572080925,1.52013263110416,0.262736379770263,1.16653219488616
0.366021843301042,1.08229251579789,1.38839606101258,1.71014639693222,1.22503298011246,0.0800346838972864,0.621588647136776,1.59540308217008,1.60397395354647,0.318562232712515,1.22479866726172,1.28520129948723
0.34112275976686,1.15800366231127,0.402335585099414,0.789836412471266,1.36480329673515,0.596613458655962,1.42728572518685,0.342466059495974,0.24361481587731,0.473445685478574,0.929630493667025,0.922404598932543
0.415918193760196,1.10201139870962,0.852831926387591,1.52714315921199,1.78591459408833,1.22910105032578,0.912079455166647,1.57348216266632,0.0303454478776395,1.66147199183948,0.180872362889476,1.31220695371785
1.20306667127536,1.24160521638564,0.817528411651122,1.70293173328244,0.841467074905017,0.0471025433644598,0.631975642718913,1.61823392228872,1.53362711282396,0.096321460432189,0.664534144627133,0.900133829674258
1.47431684036073,0.236010023052784,1.3045220683042,1.24825667109019,1.24138604434409,0.0590897917343007,1.33730759563498,0.463881001766978,1.12513353613332,0.575572739912425,0.444787025456374,1.6747598471546
1.30382566858082,0.38532629583611,0.951930602824977,0.898371422393528,1.388147565409,1.27873744578853,0.764954369102404,0.86034510481197,0.568037041508517,1.20552021127358,1.1344408922772,0.639525395687969
1.60167314792186,1.11481064277351,1.76470465251562,1.27086567361742,0.906488346396558,1.71829566863753,1.71986184025677,0.56677548488974,0.395451635630945,1.43390611532274,1.77196667481353,0.634459922208517
1.04350171072271,0.793929773780318,1.55879768657082,1.17731194874739,0.153005943414283,1.14163030839832,1.2159953874177,1.13961440409961,0.421840145318203,0.178630736828616,1.11395813348631,1.07486175577324
1.4668800844198,1.28965933885014,0.631213646088013,0.619904145295108,1.38754195650082,1.02437127213639,1.18237868399585,1.30788062092073,0.986270855787406,1.69694455136667,0.124125207019674,0.899689039761227
1.4683707547475,1.38567598823011,0.235503007233298,1.02493836902258,0.290851898085208,0.989798959242783,1.17662038580521,1.67145897229508,0.700992662689602,0.344812568220526,0.0525155923142644,1.26634710830112
0.457799333376588,1.00641421128251,0.44501916079207,1.22611880816744,0.59807123585533,0.433486861418998,0.411894639863413,0.0875358436786225,1.50731912301812,0.164618784871216,1.75528559085552,0.330786160797269
1.07498522732736,1.21690199400383,0.332639202219354,0.252225680555642,0.426273998680557,1.15779644858914,1.50143931588551,0.908602690042519,0.385021472216475,0.273353081405734,0.914135709682034,0.308338404138573
0.31884659573391,1.30105894888514,0.708085146297169,0.35502057608784,0.756844560772806,0.349357111232625,1.70653493461516,0.68487778919573,0.0774990861843064,0.494679681093931,0.0975645827398092,0.826320599489902
0.777466510866165,0.410244336067224,0.859717049234211,1.022450981191,1.35754529056589,1.14129011209831,0.651257242656726,0.372632858141312,0.909420658193656,1.6636080729336,1.29933908567378,1.57827561935818
1.07836105721455,1.58063690611238,0.897405513920752,0.47704784874237,0.878897572761057,1.20114403483041,0.574270657551997,1.78743267521666,0.63652243906949,1.55987851488705,0.606367341949286,0.0859401314999098
1.67533140715069,0.975299583236473,0.306179452433902,1.64128331948315,0.861599669755864,1.71498792819625,0.652418483193471,1.37295434421697,1.56964008148229,0.293561472882499,1.66700030539897,1.33378665644706
0.208918460030873,1.0754172768085,0.748535945068583,1.2746556033581,1.07055557274016,0.310787233029798,0.783365472004206,1.38225604502167,0.830946588602302,0.26802780709023,0.694667215248515,1.30609851546527
1.33448661275041,0.619237301631025,1.60849690782489,1.19687871518368,0.982299691277131,0.621130090452525,1.52695064811499,1.63315014035966,0.331653734651295,0.283119754143885,0.633615572528476,1.11318072040081
1.35397631953503,1.43931073991174,0.267504509758701,1.34873448199922,1.0106909103095,1.74770572299587,1.79804408261683,0.796341235541553,0.701050263366436,0.376034819465734,1.16360363907211,1.538126445379
1.38771152744754,1.65736757580853,0.39322988410762,1.18579767166143,0.730628877831978,1.39836031286947,1.27227905389074,0.91067520847556,1.2719453913926,1.75776414672296,0.178725605352819,1.7227511446656
1.34801084197321,0.870936752038131,1.57646548855522,1.08780338242655,1.25397417417747,1.21102091379153,1.10276906293179,1.04162163594152,0.924821888625531,1.56497315022771,1.19892428906738,0.91974499806356
1.17278221057544,1.39016273870276,0.229708870948815,1.03527502705905,0.323127357807917,1.04917792271244,0.637811480217768,0.572707907622424,1.55239034018338,0.534884506543046,1.13493526443394,0.681225240211152
0.617689769590815,0.902490998503707,1.25895897361515,1.45425603773674,1.00192285903943,0.307493024348974,0.758580436972328,0.884051457624111,0.952779714300607,0.988546957214822,0.94748237694174,1.04692922663977
1.43695825705444,1.41558184743111,0.821731634416915,0.08046480553614,0.497548764523339,1.33542933140015,1.53711996047597,0.808322139458662,1.6372037572017,1.50771245102027,0.246403039267121,1.40462174731692
0.626722608449355,0.351888141526117,0.935164104813127,0.0312605462697375,1.58025510285365,0.295647827207572,1.53959939983307,0.464469273918718,1.15749921527251,0.277085866666943,1.01452037673585,0.730198121957308
0.957932150140088,0.970620886362915,0.2782392006206,1.64450138048812,1.11421496547875,0.429064256316816,0.944339774917999,0.055434431417779,1.16773760152733,0.35592536710064,1.57492664185925,0.784923775161527
1.02007958520383,0.315893496585643,0.413495730898057,0.604680068572505,1.71019425911499,0.833321919029886,0.234719702122195,0.929946759922935,1.16039350015005,1.58372418467586,0.334784101034534,1.19758819256472
0.694399863068459,1.49682743160794,1.5499731162599,1.47416702833128,1.42295610475256,0.684250629675045,1.55352509571946,1.05059722768665,1.14902789504117,0.986993311124587,1.60981753467086,1.11881861558248
1.29437140976531,0.0538226903321739,0.731209704206044,0.887084148340343,1.35131320188291,0.892212441327407,0.830325254080973,1.05282517662389,1.1210184457544,0.210680449654331,1.07059853781811,1.23891582277095
1.6995899719963,1.61393643465382,0.632729903264729,0.792279822290814,1.09103264477332,1.03331920047573,1.43859943774125,0.94807696003309,1.14421562198857,1.34735770349999,0.656903681589697,0.552114858406845
0.0928504930780055,0.93571360731076,0.55121409902251,0.54656080090558,0.707404077151022,1.01586542249857,0.423236348022406,0.618238100385953,1.16516252912796,1.58798375807908,0.958103865088727,1.64871564163816
1.02361562666084,0.241235372970857,1.58073890622875,1.17397869434812,1.73472777984891,0.203008656141425,1.25456347937117,1.46899187227137,0.343210812788257,0.562536502367026,0.395284589060072,1.34368724133329
1.16875721770902,0.865968395813306,0.692020665645618,0.56836266169543,1.430263671382,0.403929092533674,1.39496340155347,0.0209431339808718,1.5473884591079,0.879272278359656,1.1104582757272,0.839523238478594
0.0425644227230999,1.21571195773672,1.24007369649577,0.616419378494411,0.0990478776673858,1.45048668002543,1.24136887138303,1.07857790763464,0.175773016860733,0.807638370830612,0.904888455550562,1.34434692533797
0.920679502228412,0.751777430907345,0.805989314560355,0.758744405781946,0.425929900615429,0.734853016974456,0.613351365367487,0.143353890158236,1.68004829306353,1.28231002618253,0.750928783169527,1.40991030968395
1.27394979775838,1.60188416286974,1.26601259666427,0.229154740289162,0.00950985792118654,1.76752020795023,1.69259897533543,1.4106294581139,0.465954838941333,0.199639397758368,1.53901002426182,0.333011726532686
0.769162190706236,1.73335127867075,1.62419593417491,1.17024091898319,1.32818749321724,1.21209831413439,1.05598797449221,1.44417714628988,1.27374490481989,1.59694889373043,1.70841327383559,0.519043255534181
1.57148806074744,0.927812433659624,0.0454678700879364,0.742097744826236,1.68798533622706,0.869854930057863,0.625296921739064,1.3691952415207,1.31465035264563,1.2260626364063,0.294422357098646,0.742832593315588
0.06897981998739,1.22977677496695,0.408477230246921,0.415939888060205,0.445326240263667,1.29772133736122,0.443435100287725,1.10234910330907,0.859672876008246,1.25189763752122,0.607770710177687,1.10650393354696
1.35527842577356,0.260517912951716,0.511809888211529,0.445007687575073,1.26823669829521,0.667321901765647,1.04337560378053,1.34095218776679,0.883838626683977,0.0962169933311982,1.0355724643868,0.226606124404304
1.312362589071,0.0853707971939709,0.313750915621699,1.36360174619748,1.73423889965489,1.13308824029274,0.476038629587583,1.76896237850804,0.203605282276419,0.0770040148600825,0.638662414388271,1.02298122956275
0.420348064507025,0.777567980218476,0.855481467874372,1.60912360025645,0.45649753587769,0.0234155473121336,0.413871571334718,0.572714620300574,0.942769521819533,0.0849532886371451,1.06638374799858,0.732108787515412
1.08147399049112,0.710654839002781,0.201595156896525,0.580750774330519,1.4831665140939,0.807434483704664,0.456335296345119,0.501894200637295,1.41784236274375,1.52689173791295,0.699456888727918,0.799125406776113
1.03248350597812,1.50071730166479,0.206005463102188,1.60104028404905,1.19871294862331,1.4754259286163,1.4909706479895,0.200453352713257,1.17768321129171,1.02213327261414,1.68373185886057,1.66642965695977
1.45214243096053,0.43708408820006,0.721072046663561,0.889051995661268,1.53635582570795,1.25283066752765,1.10760359079135,1.12069728867738,0.329489380212594,1.10986957544534,0.257057274341445,1.281356578726
0.477676745918381,0.585122346070853,1.46985823462607,1.5086643857783,0.899689093382221,0.82193816195789,0.467088857188748,1.00023381239963,0.835205661403268,0.652466175297148,1.6875059163682,0.893074209871037
1.55408595246251,1.24461874011011,0.162122592304901,1.4445801202061,0.297895863909579,1.75166002244688,0.293112522734402,1.38486308558723,0.12650573365668,1.55824235572252,0.186404780549554,0.332003474650355
0.652135616532931,1.0845654183979,1.59711069172764,0.623794752640617,1.59427241984282,0.36608038904789,1.74738810532335,1.29895987381714,0.205710214181242,1.01675218889812,0.566536768833808,0.645821398081972
0.845014491553151,1.09108456162482,0.360679076393083,0.673647074399141,0.162958701527386,1.73460510297467,1.03965938824421,0.653519031467963,1.68690630421412,0.174636586925343,1.56253872108678,1.39087252566126
0.452369825714114,0.755450103264382,0.55336849755077,0.237672296060162,0.165369377824846,1.69014761913597,1.07330650356668,1.46600924932018,0.0798077309468489,0.166205475736652,0.964365057403877,0.927622528207784
1.1372305948524,0.372477291908974,0.578216866097755,0.801716208139943,1.38374395763841,0.56789400834563,0.235306823936054,1.75709297986626,1.67307057430123,0.858158375756902,0.158362443161427,1.56070228457836
0.0121714456993348,1.58216839458371,0.512713384780028,0.778326543849037,1.40116504105249,0.335662248278258,0.575673130980066,1.01349474411111,1.65937966086818,1.14336160084071,1.23252304663181,0.693584066567568
1.21949290177182,0.645982526654579,0.94057553675484,1.23618648738073,1.50635828466165,0.345392640549369,1.33919938534656,0.632693570433438,0.0758612744039951,0.40198120185743,1.0190849559863,0.0549191939918668
1.29753647605302,1.15937458858174,1.55973575904524,0.925332248216672,0.156795240594806,0.693510044880325,0.710023842648649,1.55082208530476,0.021586681836672,0.0761468141548543,0.914855763385177,0.182070558344821
1.08621921886936,0.973948149453962,1.04698809872064,1.78216043122611,0.541092898935954,1.5724294975203,0.232685438916852,1.27376900117285,1.49775294713481,1.40133272060244,1.27486105261441,1.71149419705458
0.768802912035092,1.37066578512462,1.3186804885194,1.10904448282358,0.34176356247913,1.40185126619231,1.0133659456464,0.395853703436154,0.430519976648379,1.68267787455432,1.51832717077354,0.192396109714052
1.72609409231622,1.79076018546698,0.86455880084701,1.17393435397547,0.0683136419776751,1.55197620639785,1.40994958538618,0.778179007360507,0.202393905272729,0.847292034044773,1.09259912178087,0.338375705989538
1.24579533426436,0.58648857003152,1.20819042742366,1.07376301636946,0.295206246175884,0.359870506577836,0.492493263291975,0.243038667097116,1.35068834136233,0.0824876973205905,1.05164129378472,0.385060551029123
0.143436353381762,0.811636626929044,1.39708981327433,1.02458525969811,0.353599879900191,0.835178201589693,0.0945983866638284,1.02368537668189,0.765158216850436,1.27821863167477,1.02108408571117,0.739256762567757
1.4451193023381,0.756726098592457,1.43780725123415,0.722478636340725,1.06510257028525,0.385254894456021,1.13555775850926,0.380314485241767,0.96331564763865,1.50592768839322,0.554631601637912,0.464716348984872
0.952486256655982,0.0652807325883278,1.50194930264318,0.877363543995153,1.2955067903211,0.398823955856525,0.822018081535527,1.1366604486911,0.134125540778358,0.325928074889262,1.09868625741805,0.13581845189993
1.79432787964793,0.10520624418665,1.20505361814289,1.15090669925616,1.13691762377411,1.15231006161976,0.308973157732491,0.281458531353938,1.24410900134954,1.39351718261065,1.55369565823565,0.434017239654094
0.112630264722655,1.49661665208973,1.73205738691712,0.678650267094402,0.754876400104198,0.828454412583547,1.44877674004921,0.594877037030395,0.14792569064844,1.71357312780442,1.36166772702096,0.128714211051664
0.319595621111302,0.11727719827898,1.73093936699587,0.347954696452518,1.38445096719701,0.140755973958803,0.870231335609528,0.512059077536709,0.256333819475428,1.6970958065549,0.5606129937431,1.01315420597727
1.7470771081679,1.07893758971998,0.785455699608247,0.741763500037616,0.442666610070704,1.27101434368727,1.46320082463991,1.38462591658074,1.70207378774809,0.462405234305307,0.701214372093335,1.49496149391795
1.45104934563919,0.69079124769103,1.77896975881934,0.939393841903566,1.55585555207794,0.674590870076809,1.66605969891369,0.224227017885803,0.699738677522702,1.05900254801519,1.68395347484648,0.127630055301429
0.08465199101676,1.28433774176184,0.764550774774532,0.422847359550523,1.39788559657715,1.74383567930145,1.39698399140542,1.26765014997463,0.0443946433853947,0.68198276702953,1.54481282829615,0.727998693105011
0.622086764803705,1.34029772761986,0.771498712939624,1.15316206904797,0.682304178806265,1.03124823286237,1.21843629464493,0.456712761749238,0.147322304916927,1.15034338516351,1.23019618120425,0.0517837051280729
1.42956495464521,1.01184350739341,0.651550634112938,0.929477776887806,1.68325087268222,1.54444855030517,1.38776521965663,1.15363084555849,0.398176230590184,1.56602197560789,0.381314249507274,1.12541135320435
0.655722118277424,0.838661759823461,1.7095474173383,0.0702611053616255,0.172443300609224,1.60710468815513,0.874597854409033,0.158552384639871,1.21342032046421,0.683841403886091,1.59176861728454,0.281895952569474
1.70019477910306,1.42345171354346,1.3739564409957,0.888842653018124,1.60336311994271,0.683889177259087,1.70315406812479,1.2447294670432,1.44224358372963,1.28586729233695,0.885490212357047,0.709752292531265
0.817738993860832,1.46636270257306,1.16495189329726,1.05661900938643,0.624500980086749,1.55356083034154,0.666028206901595,1.2722774951117,1.22270209394821,1.528744876942,1.29078547397365,0.947868179153638
0.746195257573161,1.61625926635834,1.49709524333667,1.00903410664348,0.883583570886954,0.710356440686283,1.68290562637378,0.981178032668765,1.40881431709935,0.819030189483881,1.15037381172612,1.16685746109074
0.159290284079982,0.338162610295747,0.77664814935477,0.190071125629333,1.45376098107451,0.427430714108129,0.860224162241748,0.241157248439767,0.460818131647396,0.884601527331318,1.03080188333247,1.73883376219936
0.787127626070148,1.05323118640996,1.13835241222917,1.72693289976386,0.846186156346204,0.385741553986857,1.31102937176436,0.806091972790636,0.0630944237040151,0.252010948583715,1.07243038763701,0.486567448927851
1.21508088723481,1.14200502111845,1.39486499530043,1.28799076411926,1.34547580267261,0.367091763515276,0.803529794145682,1.7680006683915,0.996745667895246,1.42517753748232,0.254246217624423,0.887966990353414
1.42314311927879,1.05060094135938,0.682999855902972,1.25528238902014,0.0404042436003694,1.74541873399325,0.907257970194899,0.854544375658745,0.230881095410989,1.39131187471909,0.363632242148679,1.06623366032371
1.13307295244474,0.777624904768093,0.612259484842846,0.779925713744016,1.76649912933973,1.37589370801257,1.4421116907471,1.73967445476006,0.588841442059934,0.10043494720827,1.58805416370056,0.671822513265167
1.53044846743851,0.64888391715161,1.33501630522327,0.352052422007761,0.0323032064923818,0.791899893672297,0.880303782902125,0.820182149818488,0.744118318340537,0.8097014142665,0.141939449194634,0.760037669583479
0.429235607648091,0.712223972763004,0.789697724703439,0.44696967931592,0.839627521257419,0.781566089697003,1.3736289826141,0.150098302720173,0.289620601301271,0.514657995359547,1.07135606296084,1.0523414809097
0.0340282273730764,1.78854297497156,0.592375828387684,0.783733884676496,1.65137796000235,0.837954027638193,0.729298246900455,1.5770610380812,1.46886275626983,1.04203902008088,1.53765538788167,0.494337166942687
0.555129464605121,1.75248685900768,0.762648231959146,1.45022065454605,1.0281894467355,0.838147981056144,1.47263380220462,0.440973951135368,0.650127214146374,1.68364089880411,1.36234159419739,0.568880531158088
1.35986839079429,0.766585783646818,0.692093816410628,0.661045740396058,0.926016988306318,1.26138953366625,1.50975472763177,1.40141392750284,0.668635457343073,0.485439853889002,0.428213245485049,1.53915772999161
0.878969549729001,0.0957809771532629,1.18186183961578,1.74968309432689,1.61972792675305,1.20390694492205,0.293755537312663,1.70786223350462,0.184035923181304,0.811081646711772,1.01426162611723,1.25522632031185
0.831959214365846,0.563098647270668,1.29293498586995,0.611106319292622,0.200839039723802,1.20839759213285,0.23554992644062,0.43744331325021,1.53778615817465,1.62776924808735,0.858435502457631,1.30675132676664
0.435255983472447,1.34278736501969,0.406826046731304,0.517977405069586,1.7689075698931,0.751417396096407,0.543282784089199,1.25855341039141,1.49648818414817,1.73971212937294,0.71465689004326,0.91330132177723
0.561893135900994,0.578544765176901,0.381720266414886,0.135710547190546,1.52676576209085,1.67649511802337,0.892591334390483,0.944225209894717,0.359383285283308,0.897075311652361,0.866696089670224,1.13231209107081
0.455795031739308,1.52206212433368,1.47283948563386,0.98447801984949,1.37541069722279,0.283706050278224,1.05455598773407,1.2093264074454,1.20719054753788,1.79242132531195,0.703813035635367,0.893195209832478
1.26592673102113,0.0877514017489831,1.35856483637002,0.219044549681792,0.305889106063654,1.68830647696643,1.37568137599902,1.50511213863268,0.49013606471963,0.46468124357164,0.789753995747195,1.37965328366276
