"rowname","Species_name","A_content","A_minus_T","A_plus_T","C_content","G_content","G_minus_C","G_plus_C","T_content","genome_length","GC_ratio","AT_ratio","GC_skew","AT_skew"
"Spiny chromis","Acanthochromis_polyacanthus",0.299767674654751,-0.000342670845006443,0.599878020154509,0.200035857142735,0.200086122702756,5.02655600214119e-05,0.400121979845491,0.300110345499758,842753727.819058,1.0002512827487,0.998858183830898,0.000125625590578209,-0.000571234206777875
"Eurasian sparrowhawk","Accipiter_nisus",0.289896167016875,-0.000103298146515773,0.579895632180266,0.210028318680646,0.210076049139088,4.77304584419469e-05,0.420104367819734,0.289999465163391,1183778491.70551,1.00022725725151,0.999643798837844,0.000113615715755729,-0.000178132306545227
"Panda","Ailuropoda_melanoleuca",0.292208477508719,0.000422357367198589,0.583994597650239,0.208128819608406,0.207876582741356,-0.000252236867050143,0.416005402349761,0.29178612014152,2245312832.12367,0.9987880733311,1.00144748957556,-0.000606330748652326,0.00072322136009132
"Yellow-billed parrot","Amazona_collaria",0.288410936305003,0.000331329523311552,0.576490543086694,0.211843193100072,0.211666263813234,-0.000176929286837907,0.423509456913306,0.288079606781691,1231620041.32036,0.999164810139761,1.00115013182298,-0.000417769388498272,0.000574735400753531
"Midas cichlid","Amphilophus_citrinellus",0.296124895777965,-0.000322297358228418,0.592572088914159,0.203705068053534,0.203722843032307,1.77749787735604e-05,0.407427911085841,0.296447193136194,784536342.517521,1.00008725840227,0.998912800101702,4.36272977130803e-05,-0.000543895610775395
"Clown anemonefish","Amphiprion_ocellaris",0.302568997142628,-0.000159592790011709,0.605297587075268,0.19734440275078,0.197358010173952,1.36074231718297e-05,0.394702412924732,0.30272858993264,880175717.316623,1.00006895266844,0.999472818903404,3.44751456445355e-05,-0.000263660046594343
"Orange clownfish","Amphiprion_percula",0.302515348050134,0.000350627510740276,0.604680068589527,0.197654949526254,0.197664981884219,1.00323579645678e-05,0.395319931410473,0.302164720539394,908906862.137051,1.00005075692761,1.0011603853359,2.5377819754175e-05,0.000579856239611382
"Climbing perch","Anabas_testudineus",0.297947984255723,-8.32557445409887e-05,0.595979224255987,0.202000658399017,0.202020117344996,1.9458945978601e-05,0.404020775744013,0.298031240000264,562036392.126939,1.00009633110175,0.999720647592041,4.81632310684195e-05,-0.00013969571614669
"Mallard","Anas_platyrhynchos",0.288040528944734,0.00014148021630217,0.575939577673166,0.212077505872759,0.211982916454075,-9.45894186834551e-05,0.424060422326834,0.287899048728432,1210757324.51609,0.999553986556499,1.00049142300722,-0.000223056464841589,0.000245651144298434
"Eastern spot-billed duck","Anas_zonorhyncha",0.290436881438682,-0.000206287721465359,0.58108005059883,0.20943166211624,0.20948828728493,5.66251686899e-05,0.41891994940117,0.290643169160148,1179286052.57597,1.00027037539653,0.999290237158983,0.000135169425019848,-0.000355007406041164
"Anole lizard","Anolis_carolinensis",0.298384903173254,-3.81580235850332e-05,0.596807964370093,0.201535705634565,0.201656329995342,0.000120624360777227,0.403192035629908,0.298423061196839,1701353767.67654,1.00059852600509,0.999872134467651,0.000299173470995715,-6.3936853834227e-05
"Pink-footed goose","Anser_brachyrhynchus",0.291520487465033,0.000543926584263554,0.582497048345802,0.208968572115686,0.208534379538512,-0.000434192577173836,0.417502951654198,0.290976560880769,1098283153.4119,0.997922211111566,1.00186931408708,-0.0010399748683297,0.000933784275488122
"Swan goose","Anser_cygnoides",0.29190031616511,0.000617187599801561,0.583183444730419,0.208569667824746,0.208246887444835,-0.000322780379911569,0.416816555269581,0.291283128565309,1100672068.24545,0.998452409771382,1.00211885804317,-0.000774394336863149,0.0010583078195693
"Ma's night monkey","Aotus_nancymaae",0.296267971334874,-8.46885980346213e-05,0.592620631267783,0.203643810980164,0.203735557752053,9.17467718883347e-05,0.407379368732217,0.296352659932909,2714423020.31306,1.00045052570685,0.999714230342816,0.000225212121502016,-0.000142905247583852
"Great spotted kiwi","Apteryx_haastii",0.292852757942888,-0.000376230050607829,0.586081745936384,0.206795918790693,0.207122335272922,0.000326416482229031,0.413918254063616,0.293228987993496,1202718264.42986,1.00157844740911,0.998716941141521,0.000788601321696876,-0.000641941253445328
"Little spotted kiwi","Apteryx_owenii",0.29186904967654,-0.000978563986697711,0.584716663339778,0.207278508199835,0.208004828460387,0.000726320260552749,0.415283336660222,0.292847613663238,1213627070.39921,1.00350407896535,0.996658453267019,0.00174897520905591,-0.00167356952187468
"Okarito brown kiwi","Apteryx_rowi",0.29214995108281,-0.000526374270192254,0.584826276435813,0.20737908096771,0.207794642596477,0.000415561628766686,0.415173723564187,0.292676325353003,1209599345.36749,1.00200387438708,0.998201514011913,0.00100093432021461,-0.000900052359822491
"Golden eagle","Aquila_chrysaetos_chrysaetos",0.289229584185015,-0.000395431548770309,0.5788545999188,0.210415383521706,0.210730016559494,0.00031463303778706,0.4211454000812,0.289625015733785,1198815045.15018,1.00149529484262,0.998634677506125,0.000747088862246616,-0.00068312759167117
"Eastern happy","Astatotilapia_calliptera",0.294590021206152,-0.000148014497343862,0.589328056909648,0.205310048605642,0.20536189448471,5.18458790682574e-05,0.410671943090352,0.294738035703496,879242323.562803,1.00025252480052,0.999497809989163,0.000126246460077383,-0.000251158069955178
"Mexican tetra","Astyanax_mexicanus",0.309977752502605,-7.73553884886313e-05,0.620032860393699,0.189973530670516,0.189993608935784,2.0078265268203e-05,0.379967139606301,0.310055107891094,1291596424.26372,1.00010568980424,0.999750510839783,5.28421096861347e-05,-0.000124760143260009
"Burrowing owl","Athene_cunicularia",0.2955909766166,0.000375106644386669,0.590806846588813,0.204769361154049,0.204423792257139,-0.000345568896910231,0.409193153411187,0.295215869972213,1144426483.53106,0.998312399399194,1.00127061815621,-0.00084451290064225,0.000634905716737122
"Blue whale","Balaenoptera_musculus",0.295268079930229,-0.000662862664684183,0.591199022525142,0.204289801335599,0.20451117613926,0.00022137480366119,0.408800977474858,0.295930942594913,2354066729.22565,1.00108363120535,0.997760076527072,0.000541522197497202,-0.00112121745711444
"Siamese fighting fish","Betta_splendens",0.273314374569435,-0.000347884069584192,0.546976633208455,0.226455482168845,0.226567884622701,0.000112402453856325,0.453023366791545,0.273662258639019,441342253.888824,1.00049635563149,0.998728783167565,0.000248116238798883,-0.000636012671224316
"American bison","Bison_bison_bison",0.290202019448977,0.000289105069929574,0.580114933828024,0.209949024329802,0.209936041842174,-1.29824876276552e-05,0.419885066171976,0.289912914379047,2757854332.51753,0.999938163620102,1.00099721349271,-3.09191459129862e-05,0.000498358261563526
"Domestic yak","Bos_grunniens",0.29024468803011,0.000170676892286559,0.580318699167934,0.209886318457492,0.209794982374573,-9.13360829193632e-05,0.419681300832065,0.290074011137824,2832711793.53431,0.999564830696967,1.00058839084417,-0.000217632004900574,0.000294108896596433
"Hybrid - Bos Indicus","Bos_indicus_hybrid",0.290964253235603,0.000218868600895872,0.58170963787031,0.209169013112308,0.209121349017382,-4.76640949261531e-05,0.41829036212969,0.290745384634707,2679316559.35937,0.99977212640526,1.00075278443773,-0.000113949780443124,0.000376250601068205
"Wild yak","Bos_mutus",0.29138723955109,-0.000135112386100367,0.582909591488279,0.208594631975629,0.208495776536091,-9.88554395375818e-05,0.417090408511721,0.29152235193719,2525007272.22552,0.999526088286159,0.999536528210607,-0.000237012018306347,-0.000231789608668814
"Cow","Bos_taurus",0.290008835101611,-0.000638416619741899,0.580656086822964,0.209625657608444,0.209718255568592,9.25979601482385e-05,0.419343913177036,0.290647251721353,2715825631.31203,1.00044173008784,0.997803465830277,0.000220816273322527,-0.00109947460162688
"Eurasian eagle-owl","Bubo_bubo",0.293492617681399,0.000926903563896964,0.586058331798901,0.207448972019469,0.206492696181631,-0.000956275837838139,0.413941668201099,0.292565714117502,1201476695.5501,0.995390308139255,1.00316818929618,-0.00231017051748838,0.00158158926100725
"Eastern buzzard","Buteo_japonicus",0.291674714382027,-2.35684880820486e-05,0.583372997252135,0.208290938731575,0.20833606401629,4.51252847146755e-05,0.416627002747865,0.291698282870109,1216074548.41909,1.0002166454527,0.999919202513466,0.000108310993807534,-4.04003753911534e-05
"Caenorhabditis elegans","Caenorhabditis_elegans",0.322793616,-1.5295999999998e-05,0.645602528,0.177313223,0.177084249,-0.000228974000000021,0.354397472,0.322808912,100286401,0.998708646788288,0.999952615930257,-0.000646093773490632,-2.36925961975136e-05
"Muscovy Duck (domestic type)","Cairina_moschata_domestica",0.292962006276134,0.000280376756615686,0.585643635795652,0.207306249060197,0.20705011514415,-0.000256133916046869,0.414356364204348,0.292681629519518,1080435222.51402,0.998764466014855,1.00095795816456,-0.000618148864537656,0.00047874977115523
"Ruff","Calidris_pugnax",0.287817239881069,0.000123278923199299,0.57551120083894,0.212264414963262,0.212224384197798,-4.00307654636056e-05,0.42448879916106,0.28769396095787,1182953763.25176,0.99981141085061,1.00042850716362,-9.430346700012e-05,0.000214207687043435
"Spoon-billed sandpiper","Calidris_pygmaea",0.287059218172669,-0.000419374424053487,0.574537810769391,0.212560621915026,0.212901567315583,0.00034094540055743,0.425462189230609,0.287478592596722,1170071559.13257,1.00160399135779,0.998541197727923,0.000801352997252197,-0.000729933550399203
"Marmoset","Callithrix_jacchus",0.29607446720603,-0.000203033671109798,0.592351968083169,0.203810618174272,0.203837413742559,2.67955682867194e-05,0.407648031916831,0.296277500877139,2835864145.89115,1.00013147287677,0.999314717889449,6.57321173874482e-05,-0.000342758498408992
"Elephant shark","Callorhinchus_milii",0.288351199234596,0.000109357279424016,0.576593041189767,0.21167342237839,0.211733536431842,6.01140534519096e-05,0.423406958810233,0.288241841955171,936953441.655103,1.00028399433796,1.00037939418747,0.000141977008646313,0.000189661115573583
"Small tree finch","Camarhynchus_parvulus",0.288326240176086,0.000494318480253497,0.576158161871918,0.212088536307654,0.211753301820428,-0.000335234487225472,0.423841838128082,0.287831921695832,1051517328.39953,0.998419365360044,1.00171738588736,-0.000790942415468118,0.000857956222727928
"Arabian camel","Camelus_dromedarius",0.292494998037954,0.000124415996204608,0.584865580079703,0.207550667739499,0.207583752180799,3.30844412999853e-05,0.415134419920297,0.292370582041749,2133780988.84628,1.00015940416699,1.00042554211623,7.96957315809595e-05,0.000212725796220822
"Dingo","Canis_lupus_dingo",0.293128353532607,0.000207690486409562,0.586049016578805,0.206962557466338,0.206988425954857,2.58684885184879e-05,0.413950983421195,0.292920663046198,2424789069.85983,1.00012499115219,1.00070903323873,6.2491670643446e-05,0.000354390981870429
"Goat","Capra_hircus",0.284002747712927,-0.000356657793124049,0.568362153218977,0.215826607493778,0.215811239287245,-1.53682065333616e-05,0.431637846781023,0.284359405506051,2922773966.31279,0.999928793735342,0.998745749969165,-3.56043999569809e-05,-0.000627518547996345
"Goldfish","Carassius_auratus",0.312488093968069,-0.000208007672098887,0.625184195608238,0.187371113155415,0.187444691236348,7.35780809331676e-05,0.374815804391762,0.312696101640168,1820410349.04276,1.00039268636288,0.999334792883545,0.000196304638361148,-0.000332714220161175
"Tarsier","Carlito_syrichta",0.295364307498759,0.000342288772834265,0.590386326224685,0.204905276056188,0.204708397719128,-0.000196878337060363,0.409613673775315,0.295022018725925,3405755563.4458,0.999039173900986,1.00116021432676,-0.000480643957135954,0.000579770834163932
"American beaver","Castor_canadensis",0.301263676251266,-0.000241904882821664,0.602769257385354,0.198652616216165,0.198578126398481,-7.44898176834874e-05,0.397230742614646,0.301505581134088,2517974654.71304,0.999625024733616,0.999197676932176,-0.000187522791396209,-0.00040132252907353
"Chacoan peccary","Catagonus_wagneri",0.288214194080562,-2.73168184182215e-05,0.576455704979542,0.211770629173742,0.211773665846716,3.03667297385513e-06,0.423544295020458,0.28824151089898,2592535412.66081,1.00001433944351,0.999905229408724,7.16967034984724e-06,-4.73875411107103e-05
"Swainson's thrush","Catharus_ustulatus",0.287502423345421,-0.000176709988479962,0.575181556679321,0.212422730701217,0.212395712619461,-2.70180817556198e-05,0.424818443320679,0.287679133333901,1118712835.30361,0.99987280983694,0.999385739290744,-6.35991261218029e-05,-0.000307224712663174
"Brazilian guinea pig","Cavia_aperea",0.300883170433245,4.18251012512805e-05,0.601724515765239,0.199139496218519,0.199135988016242,-3.50820227706938e-06,0.398275484234761,0.300841345331994,1749140830.59662,0.999982383191965,1.00013902710482,-8.8084816061676e-06,6.95087206112745e-05
"Guinea Pig","Cavia_porcellus",0.300245476388755,-2.93500443565575e-05,0.600520302821866,0.19971187325764,0.199767823920494,5.59506628545758e-05,0.399479697178134,0.300274826433111,2663369732.76781,1.00028015691777,0.999902256060872,0.000140058839660196,-4.88743581501585e-05
"Capuchin","Cebus_capucinus",0.296342163990185,-0.000195517495959252,0.59287984547633,0.203517602789283,0.203602551734387,8.49489451041352e-05,0.40712015452367,0.296537681486145,2610499094.16809,1.0004174034282,0.999340665594405,0.000208658166785001,-0.000329775919102411
"Sooty mangabey","Cercocebus_atys",0.295466745976755,0.000161009799079626,0.59077248215443,0.204653437333887,0.204574080511683,-7.93568222039742e-05,0.40922751784557,0.295305736177675,2787272843.98577,0.999612238019367,1.00054523085519,-0.000193918587444359,0.000272541128680291
"Yarkand deer","Cervus_hanglu_yarkandensis",0.292295254323535,-0.000336165236612451,0.584926673883682,0.207491705340625,0.207581620775693,8.99154350672282e-05,0.415073326116318,0.292631419560147,2560606431.79364,1.00043334472055,0.998851233277965,0.000216625423533072,-0.000574713466870038
"Abingdon island giant tortoise","Chelonoidis_abingdonii",0.281358465069509,-0.000163726662232466,0.56288065680125,0.218574530968448,0.218544812230302,-2.9718738146306e-05,0.43711934319875,0.281522191731741,2169537557.28787,0.999864033846878,0.999418423601971,-6.79876985741019e-05,-0.000290872781386547
"Common snapping turtle","Chelydra_serpentina",0.277444483660827,-9.8065780002099e-05,0.554987033101656,0.222484906540327,0.222528060358017,4.31538176908497e-05,0.445012966898344,0.277542549440829,2305547058.08281,1.00019396290005,0.999646663979272,9.69720455375124e-05,-0.000176699227464899
"Long-tailed chinchilla","Chinchilla_lanigera",0.294772725472479,0.000189841419725167,0.589355609525233,0.205395494127473,0.205248896347294,-0.000146597780178226,0.410644390474767,0.294582884052754,2284292983.68625,0.999286265841415,1.00064444144586,-0.000356994478869507,0.000322116930180911
"Vervet-AGM","Chlorocebus_sabaeus",0.295798037178043,-0.00031521280453245,0.591911287160618,0.204024259649528,0.204064453189854,4.01935403253895e-05,0.408088712839382,0.296113249982575,2752000997.32236,1.0001970037308,0.998935499155978,9.84921637399196e-05,-0.000532533863384355
"Sloth","Choloepus_hoffmanni",0.305653146423332,0.00074515929830693,0.610561133548357,0.194440812985061,0.194998053466582,0.000557240481520671,0.389438866451643,0.304907987125025,2060419685.41406,1.00286586171373,1.00244388251463,0.00143088050403892,0.00122044993918355
"Painted turtle","Chrysemys_picta_bellii",0.279078358606728,7.63952179478333e-05,0.558080321995507,0.22082789594685,0.221091782057643,0.00026388611079245,0.441919678004493,0.27900196338878,2173204097.23062,1.00119498539648,1.00027381605857,0.000597135913892856,0.000136889288041316
"Golden pheasant","Chrysolophus_pictus",0.295843302405469,0.000327459787645812,0.591359145023293,0.204480633376571,0.204160221600136,-0.000320411776435575,0.408640854976707,0.295515842617824,998709024.682384,0.998433045853073,1.00110809554149,-0.000784091391091669,0.000553740971796274
"C.intestinalis","Ciona_intestinalis",0.321453206788742,-0.000356491468110565,0.643262905045594,0.178262465043012,0.178474629911394,0.000212164868381715,0.356737094954406,0.321809698256852,112162837.96895,1.00119018251167,0.9988922289476,0.000594737332849646,-0.00055419248539646
"C.savignyi","Ciona_savignyi",0.317346896605768,0.000229960696983667,0.634463832514553,0.182791448357463,0.182744719127984,-4.67292294793753e-05,0.365536167485447,0.317116935908785,173764260.998213,0.999744357682489,1.00072516056679,-0.000127837499092989,0.000362448866584356
"Atlantic herring","Clupea_harengus",0.278366714854701,-0.000818619473851867,0.557552049183255,0.221222986737511,0.221224964079235,1.97734172430186e-06,0.442447950816745,0.279185334328553,724810791.03661,1.00000893822904,0.997067827807572,4.46909454694445e-06,-0.00146823866050003
"Angola colobus","Colobus_angolensis_palliatus",0.2958898117389,-0.000188961668619814,0.59196858514642,0.203976869886854,0.204054544966727,7.76750798733017e-05,0.40803141485358,0.29607877340752,2679973133.2771,1.00038080337205,0.999361785830017,0.00019036544012469,-0.000319208946827939
"New Caledonian crow","Corvus_moneduloides",0.289875082251172,0.000929011256929346,0.578821153245414,0.210666503570136,0.21051234318445,-0.000154160385686386,0.421178846754586,0.288946070994242,1044047517.39858,0.999268225450777,1.00321517179221,-0.000366021197109675,0.00160500571155777
"Channel bull blenny","Cottoperca_gobio",0.294942980520105,-0.00052237327789989,0.590408334318111,0.204828651384181,0.204763014297708,-6.56370864734468e-05,0.409591665681889,0.295465353798005,606837809.626637,0.999679551244272,0.998232032043063,-0.000160250053829035,-0.00088476609752334
"Japanese quail","Coturnix_japonica",0.293370456834509,-0.000501567855914986,0.587242481524934,0.206190624011625,0.206566894463442,0.000376270451816735,0.412757518475066,0.293872024690424,917259253.699763,1.00182486693379,0.998293243950514,0.000911601691004604,-0.000854106900802765
"Chinese hamster CHOK1GS","Cricetulus_griseus_chok1gshd",0.292709118048854,-3.90693172734324e-05,0.585457305414982,0.207310379064597,0.207232315520421,-7.80635441755273e-05,0.414542694585018,0.292748187366128,2323924941.2613,0.99962344604005,0.999866542923374,-0.000188312434871572,-6.67329913079476e-05
"Australian saltwater crocodile","Crocodylus_porosus",0.280508569330583,1.40361883474993e-05,0.561003102472819,0.219458795369922,0.219538102157258,7.93067873361419e-05,0.438996897527181,0.280494533142236,1940871352.47671,1.00036137438558,1.00005004086244,0.000180654550824546,2.50198052125378e-05
"Blue tit","Cyanistes_caeruleus",0.293962775313966,-0.000240588422132482,0.588166139050065,0.205787060274818,0.206046800675117,0.000259740400298858,0.411833860949935,0.294203363736099,1098912779.01726,1.00126218043035,0.999182237690701,0.000630692191505918,-0.000409048406834591
"Lumpfish","Cyclopterus_lumpus",0.286197490254745,0.000655576921990586,0.571739403587499,0.214086591381292,0.214174005031208,8.74136499158795e-05,0.428260596412501,0.285541913332754,562703390.534729,1.00040830978415,1.00229590435372,0.000204113221361329,0.00114663589369043
"Tongue sole","Cynoglossus_semilaevis",0.295836385597147,-0.000203832419926553,0.59187660361422,0.204011175983159,0.204112220402621,0.000101044419462237,0.40812339638578,0.296040218017073,446041773.887664,1.00049528864767,0.999311470511365,0.000247583011307504,-0.000344383303347143
"Sheepshead minnow","Cyprinodon_variegatus",0.309218401840095,0.000368865833986542,0.618067937846204,0.191075536682854,0.190856525470942,-0.000219011211912284,0.381932062153796,0.308849536006109,899529256.523261,0.998853797740337,1.00119432212448,-0.000573429763076798,0.000596804673725575
"Common carp","Cyprinus_carpio",0.315035245869676,3.41360976914284e-05,0.63003635564166,0.184999447809584,0.184964196548756,-3.52512608275957e-05,0.36996364435834,0.315001109771984,1670380052.61546,0.999809452075425,1.00010836818231,-9.52830402801739e-05,5.41811553980287e-05
"Zebrafish","Danio_rerio",0.317138826671126,0.000254504353008222,0.634023148989243,0.182986586737359,0.182990264273397,3.67753603824905e-06,0.365976851010757,0.316884322318118,1674509857.77274,1.00002009729841,1.00080314592766,1.00485482294643e-05,0.000401411767715346
"Armadillo","Dasypus_novemcinctus",0.295927785746956,-0.000450365633567262,0.59230593712748,0.203790688548094,0.203903374324427,0.000112685776332833,0.40769406287252,0.296378151380524,3299882026.76575,1.000552948602,0.998480435782903,0.000276397884087088,-0.000760359816333112
"Beluga whale","Delphinapterus_leucas",0.294172013059294,0.000735568385238472,0.58760845773335,0.206249735776787,0.206141806489863,-0.000107929286923714,0.41239154226665,0.293436444674056,2326909483.40408,0.99947670581726,1.00250673833666,-0.000261715568487404,0.00125180020055508
"Denticle herring","Denticeps_clupeoides",0.281740480786121,0.000347001783658485,0.563133959788583,0.218454124501742,0.218411915709674,-4.22087920678715e-05,0.436866040211417,0.281393479002462,562752667.391991,0.999806784183342,1.00123315502864,-9.6617242318595e-05,0.0006161975807475
"European seabass","Dicentrarchus_labrax",0.297970122608234,-0.00038272616865348,0.596322971385122,0.201777646719456,0.201899381895422,0.000121735175966031,0.403677028614878,0.298352848776888,668253873.919059,1.00060331348861,0.998717202901791,0.000301565774955629,-0.000641810205239108
"Kangaroo rat","Dipodomys_ordii",0.285775339895945,-0.00788380865113075,0.579434488443021,0.212221544860107,0.208343966696871,-0.00387757816323625,0.420565511556979,0.293659148547076,2065314041.57685,0.98172863096538,0.973153199244304,-0.00921991474974027,-0.0136060396962477
"Emu","Dromaius_novaehollandiae",0.291668966205132,-0.000471596416706133,0.58380952882697,0.207944682008084,0.208245789164946,0.000301107156861102,0.41619047117303,0.292140562621838,1179039689.81885,1.00144801566433,0.998385720858227,0.000723484024063391,-0.000807791571428607
"Drosophila melanogaster","Drosophila_melanogaster",0.290034235589784,0.000130298259806538,0.579938172919762,0.21014264183061,0.209919185249628,-0.000223456580982717,0.420061827080238,0.289903937329978,142573024.107026,0.998936643324572,1.00044945322581,-0.000531961169944713,0.000224676122198574
"Live sharksucker","Echeneis_naucrates",0.292982960044437,0.000243502175520438,0.585722417913353,0.207062022996601,0.207215559090046,0.000153536093445178,0.414277582086647,0.292739457868916,543613276.933536,1.0007414980846,1.0008318051051,0.000370611638389513,0.00041572964952907
"Lesser hedgehog tenrec","Echinops_telfairi",0.284614519939371,-0.000550511047013647,0.569779550925756,0.215095121475419,0.215125327598825,3.02061234053741e-05,0.430220449074244,0.285165030986385,2111597839.32943,1.00014043146678,0.998069500158875,7.02108034854507e-05,-0.00096618252817111
"Electric eel","Electrophorus_electricus",0.287099039983151,-0.000230580600093622,0.574428660566395,0.212737081247738,0.212834258185867,9.71769381295229e-05,0.425571339433605,0.287329620583244,534837803.438265,1.00045679360439,0.999197504943536,0.000228344649004926,-0.000401408592437337
"Hagfish","Eptatretus_burgeri",0.266817599428327,0.000232337929293391,0.53340286092736,0.227193221942196,0.239403917130444,0.0122106951882484,0.46659713907264,0.266585261499033,1435387006.28927,1.05374586039083,1.00087153328728,0.0261696743630213,0.000435576833782734
"Donkey","Equus_asinus_asinus",0.293418008665401,0.000238942314439328,0.586597075016363,0.206734075783992,0.206668849199644,-6.52265843479882e-05,0.413402924983637,0.293179066350962,2294939373.81511,0.999684490405848,1.00081500469121,-0.000157779687578577,0.000407336355082682
"Horse","Equus_caballus",0.292438652990207,-0.000123034064415495,0.58500034004483,0.207453099096146,0.207546560859024,9.34617628780832e-05,0.41499965995517,0.292561687054623,2497527985.04034,1.00045051996468,0.999579459410239,0.000225209251709216,-0.000210314517776291
"Hedgehog","Erinaceus_europaeus",0.292589824017388,-0.000308157050656399,0.585487805085432,0.207291282313498,0.207220912601071,-7.03697124273539e-05,0.414512194914568,0.292897981068044,2133134633.19709,0.999660527391012,0.998947903124724,-0.00016976511979788,-0.000526325310245248
"Reedfish","Erpetoichthys_calabaricus",0.302828326332763,5.74833026094068e-05,0.605599169362917,0.197215397628972,0.197185433008111,-2.99646208614113e-05,0.394400830637083,0.302770843030154,3572724474.06232,0.999848061453509,1.00018985745798,-7.59750450145069e-05,9.49197183838256e-05
"Gouldian finch","Erythrura_gouldiae",0.290468177741561,-2.94435465305609e-05,0.580965799029653,0.209526956198088,0.209507244772259,-1.97114258289888e-05,0.419034200970348,0.290497621288092,1048325601.25194,0.999905924153213,0.999898644448791,-4.70401360636995e-05,-5.06803439716046e-05
"Northern pike","Esox_lucius",0.28857490026691,5.39053457970229e-05,0.577095895188023,0.211483152336299,0.211420952475678,-6.21998606209762e-05,0.422904104811977,0.288520994921113,940847372.860481,0.99970588739607,1.00018683335614,-0.000147077930701642,9.34079522077697e-05
"Common kestrel","Falco_tinnunculus",0.289791427677816,0.000712049495173783,0.578870805860458,0.210714544948457,0.210414649191085,-0.000299895757371743,0.421129194139542,0.289079378182642,1173048483.12073,0.99857676764817,1.00246316253913,-0.000712122934114066,0.00123006634289557
"Cat","Felis_catus",0.291264231214963,-0.000174761903518117,0.582703224333444,0.208606374303846,0.20869040136271,8.40270588636505e-05,0.417296775666556,0.291438993118481,2476451200.96193,1.00040280197163,0.99940034824562,0.00020136043162431,-0.000299915799707523
"Flycatcher","Ficedula_albicollis",0.279120148323615,0.000418394860779769,0.557821901786451,0.218863575276934,0.223314522936615,0.00445094765968077,0.442178098213549,0.278701753462836,1102355435.97082,1.0203366304971,1.00150122794558,0.0100659613799578,0.000750050974047165
"Damara mole rat","Fukomys_damarensis",0.298202446970498,-0.000209600428164869,0.596614494369162,0.201607548849806,0.201777956781032,0.000170407931226801,0.403385505630838,0.298412047398663,2286000951.56357,1.00084524578667,0.999297614054151,0.000422444358679441,-0.000351316352758899
"Mummichog","Fundulus_heteroclitus",0.297161335733284,0.000106875458943834,0.594215796007625,0.203134183573785,0.20265002041859,-0.000484163155194728,0.405784203992375,0.29705446027434,932473421.830996,0.997616535303528,1.00035978405726,-0.00119315426877441,0.000179859673307073
"Cod","Gadus_morhua",0.273765742064174,0.00310005749103176,0.544431426637316,0.226991524817619,0.228577048545065,0.00158552372744564,0.455568573362684,0.270665684573142,608021759.342384,1.00698494681121,1.01145345593373,0.00348031848584819,0.00569411929465439
"Chicken","Gallus_gallus",0.288837158186827,-5.33439180649964e-05,0.577727660291719,0.211072586394683,0.211199753313597,0.000127166918913846,0.422272339708281,0.288890502104892,1055580872.5193,1.00060247955969,0.999815349007059,0.000301149061768282,-9.23340212550335e-05
"Western mosquitofish","Gambusia_affinis",0.306655010812773,0.000583110620434646,0.612726911005111,0.193644033321202,0.193629055673687,-1.49776475157626e-05,0.387273088994889,0.306071900192338,590642408.15233,0.999922653710218,1.00190514261541,-3.86746405608376e-05,0.000951664779139727
"Stickleback","Gasterosteus_aculeatus",0.276899265355782,-0.000247297674505209,0.55404582838607,0.223029013864771,0.222925157749159,-0.000103856115611561,0.44595417161393,0.277146563030288,446627801.238563,0.99953433809435,0.999107700734942,-0.000232885175702474,-0.000446348770868982
"Medium ground-finch","Geospiza_fortis",0.292087942708041,0.000198957468349359,0.583976927947732,0.208110662829618,0.20791240922265,-0.000198253606968374,0.416023072052268,0.291888985239691,1041285898.18932,0.999047364492176,1.00068162033653,-0.000476544740632716,0.000340694056267864
"Agassiz's desert tortoise","Gopherus_agassizii",0.282057402196091,0.000278069099237555,0.563836735292945,0.218201385358144,0.217961879348911,-0.000239506009233476,0.436163264707054,0.281779333096854,2152041603.64906,0.998902362563646,1.00098683283895,-0.000549120085558645,0.000493173079780057
"Goodes thornscrub tortoise","Gopherus_evgoodei",0.279305924626564,-1.73470917003704e-05,0.558629196344829,0.220682953845391,0.22068784980978,4.89596438846274e-06,0.441370803655171,0.279323271718265,2268981252.97803,1.00002218551231,0.999937896002744,1.10926331055821e-05,-3.10529628846367e-05
"Gorilla","Gorilla_gorilla",0.295520059139916,-0.00109856197338426,0.592138680253216,0.204372948557288,0.203488371189496,-0.000884577367792905,0.407861319746784,0.2966186211133,2917361406.60367,0.995671749250391,0.996296382306475,-0.00216881897097299,-0.00185524440476424
"Blunt-snouted clingfish","Gouania_willdenowi",0.308695797769112,0.00010522566939325,0.617286369868831,0.191404873138114,0.191308756993055,-9.61161450581949e-05,0.382713630131169,0.308590572099719,922785474.967517,0.999497838568672,1.00034098795915,-0.000251143773022279,0.000170464916333094
"Burton's mouthbrooder","Haplochromis_burtoni",0.297561462005722,0.000231928247970747,0.594890995763474,0.202665109257247,0.20244389497928,-0.000221214277966703,0.405109004236526,0.297329533757751,698948643.128973,0.998908473793158,1.00078003770779,-0.000546061123434187,0.000389866798493217
"Naked mole-rat female","Heterocephalus_glaber_female",0.299047442279373,0.000231036720210187,0.597863847838536,0.201092711695385,0.20104344046608,-4.92712293050368e-05,0.402136152161464,0.298816405559163,2314770106.75731,0.9997549825208,1.00077317281084,-0.000122523749830017,0.000386437014121956
"Tiger tail seahorse","Hippocampus_comes",0.283798419183672,0.000607156939590126,0.566989681427754,0.21659399482083,0.216416323751417,-0.000177671069413243,0.433010318572246,0.283191262244082,459366808.193021,0.999179704545547,1.00214398189682,-0.000410316017408254,0.00107084301439353
"Human","Homo_sapiens",0.294423530414437,-0.000835645435619314,0.589682706264494,0.204708426430987,0.205608867304519,0.000900440873532055,0.410317293735506,0.295259175850057,3103006647.0397,1.00439865075039,0.997169790123496,0.00219449895795152,-0.00141711029803288
"Huchen","Hucho_hucho",0.286642271643219,1.22677782981584e-05,0.57327227550814,0.213334084919666,0.213393639572193,5.95546525273549e-05,0.42672772449186,0.286630003864921,1916996371.79664,1.00027916145022,1.00004280004931,0.000139561245049807,2.13995667020255e-05
"Channel catfish","Ictalurus_punctatus",0.301510755084281,-2.62484210560299e-05,0.603047758589617,0.198427801062804,0.198524440347579,9.66392847749353e-05,0.396952241410383,0.301537003505337,771892306.639805,1.00048702492422,0.999912951243957,0.000243453178225101,-4.35262724753651e-05
"Squirrel","Ictidomys_tridecemlineatus",0.300567532818167,0.00022669033335837,0.600908375302976,0.199717171409099,0.199374453287925,-0.000342718121173841,0.399091624697024,0.300340842484809,2311075760.92592,0.998283982700357,1.00075477691107,-0.00085874546085506,0.000377246087215998
"Lesser Egyptian jerboa","Jaculus_jaculus",0.29068569977828,9.11830324326623e-05,0.581280216524128,0.209375918350981,0.209343865124891,-3.20532260903172e-05,0.418719783475872,0.290594516745847,2470266327.7446,0.999846910636415,1.00031378098064,-7.65505413291852e-05,0.000156865879554457
"Dark-eyed junco","Junco_hyemalis",0.290071323292308,0.000552831686326971,0.579589814898289,0.210300640662528,0.210109544439183,-0.000191096223345177,0.420410185101711,0.289518491605981,926975520.986624,0.999091318872148,1.00190948662125,-0.000454547083103957,0.000953832645288955
"Mangrove rivulus","Kryptolebias_marmoratus",0.299935416618947,0.000110170689762268,0.599760662548132,0.200087633882336,0.200151703569532,6.40696871955782e-05,0.400239337451868,0.299825245929185,641829414.314033,1.00032020813057,1.00036744967696,0.000160078436076472,0.000183691089866079
"Ballan wrasse","Labrus_bergylta",0.295405534138508,-0.000274299923665067,0.591085368200682,0.204291951611286,0.204622680188032,0.000330728576745459,0.408914631799318,0.295679834062174,805341713.037689,1.00161890164609,0.999072307637972,0.000808796142339485,-0.000464061434137781
"Large yellow croaker","Larimichthys_crocea",0.293223322777638,-0.000198053040320112,0.586644698595596,0.20668117129287,0.206674130111534,-7.0411813362925e-06,0.413355301404404,0.293421375817958,655773055.15572,0.999965932158734,0.999325021771955,-1.70342107924335e-05,-0.000337603051377168
"Barramundi perch","Lates_calcarifer",0.296168032393251,-0.000133036281173171,0.592469101067676,0.203690644683484,0.20384025424884,0.00014960956535523,0.407530898932324,0.296301068674425,668450136.888962,1.00073449404408,0.999551009782826,0.000367112201178332,-0.000224545517957695
"Blue-ringed sea krait","Laticauda_laticaudata",0.29951486595413,1.00817050180391e-06,0.599028723737759,0.200566776853301,0.20040449940894,-0.000162277444361397,0.400971276262241,0.299513857783628,1558442197.67409,0.999190905657919,1.00000336602289,-0.000404710895688362,1.6830086135323e-06
"Coelacanth","Latimeria_chalumnae",0.294301142715272,0.000111747658017913,0.588490537772527,0.205764762739289,0.205744699488184,-2.00632511054566e-05,0.411509462227473,0.294189395057254,2183591768.09809,0.999902494232548,1.00037984937559,-4.87552606855151e-05,0.000189888623257878
"Blue-crowned manakin","Lepidothrix_coronata",0.291220103326613,-0.000167365246246443,0.582607571899472,0.208685339572658,0.20870708852787,2.17489552125361e-05,0.417392428100528,0.291387468572859,1057191893.68964,1.00010421889366,0.999425626479182,5.21067315751542e-05,-0.00028726926033725
"Spotted gar","Lepisosteus_oculatus",0.302086027083231,6.11272341544122e-05,0.604110926932308,0.197959594769847,0.197929478297845,-3.01164720012126e-05,0.395889073067692,0.302024899849077,869416845.432303,0.999847865560463,1.00020239137298,-7.60730064304227e-05,0.000101185446958919
"Leishan spiny toad","Leptobrachium_leishanense",0.281238485810214,-0.000117164834935291,0.562594136455363,0.2187464087929,0.218659454751738,-8.69540411619352e-05,0.437405863544637,0.281355650645149,3548729661.32497,0.999602489285919,0.99958357035067,-0.000198794868585619,-0.000208258187107122
"Bengalese finch","Lonchura_striata_domestica",0.293173979194462,0.00220973069299518,0.584138227695929,0.208606461958607,0.207255310345464,-0.00135115161314267,0.415861772304071,0.290964248501467,1029008678.44631,0.993522963764129,1.00759450930613,-0.00324904019346778,0.00378289005619651
"Elephant","Loxodonta_africana",0.296185069973488,-1.11897101000014e-05,0.592381329657075,0.203850332502041,0.203768337840884,-8.19946611572142e-05,0.407618670342924,0.296196259683588,3118562313.8777,0.99959777028494,0.99996222197366,-0.000201155312852164,-1.88893699713308e-05
"Canada lynx","Lynx_canadensis",0.291214562976693,-0.000555103338345686,0.582984229291731,0.208389515308605,0.208626255399664,0.00023674009105859,0.417015770708269,0.291769666315038,2406084112.07595,1.00113604607558,0.998097460420213,0.00056770057078778,-0.000952175565744004
"Crab-eating macaque","Macaca_fascicularis",0.295176129735896,-0.000638340525211445,0.590990599997003,0.204397520267941,0.204611879735056,0.000214359467114039,0.409009400002997,0.295814470261107,2803866166.41453,1.00104873810031,0.997842091616925,0.000524094231361109,-0.00108011959109787
"Macaque","Macaca_mulatta",0.294708882634348,-0.000621646103373952,0.590039411372069,0.204874455099152,0.205086133528779,0.000211678429626966,0.409960588627931,0.295330528737722,2936892507.46039,1.0010332104582,0.997895083498374,0.000516338485939387,-0.00105356708618562
"Pig-tailed macaque","Macaca_nemestrina",0.295230915610318,0.000264118248060163,0.590197712972576,0.204954796460924,0.204847490566501,-0.000107305894422621,0.409802287027424,0.294966797362258,2838486127.38794,0.999476441165196,1.00089541687547,-0.000261847963809534,0.000447508084587302
"Superb fairywren","Malurus_cyaneus_samueli",0.289788015352029,1.91214150500607e-05,0.579556909289007,0.210181090310702,0.210262000400291,8.09100895882708e-05,0.420443090710993,0.289768893936979,1062431651.60168,1.0003849541815,1.00006598850135,0.000192440050451174,3.29931620926038e-05
"Golden-collared manakin","Manacus_vitellinus",0.289701539876438,-9.86432989403818e-05,0.579501723051816,0.210115126241143,0.210383150707041,0.000268024465898076,0.420498276948184,0.289800183175378,1167962172.97879,1.00127560766658,0.999659616160834,0.000637397298850533,-0.000170220889803224
"Drill","Mandrillus_leucophaeus",0.29649963809617,0.000296488190823452,0.592702788001516,0.203729845743791,0.203567366254693,-0.000162479489098089,0.407297211998484,0.296203149905346,2721423781.56975,0.999202475766352,1.00100096231562,-0.000398921191482875,0.000500230801719619
"Alpine marmot","Marmota_marmota_marmota",0.301179216196909,0.000320309866973234,0.602038122526844,0.199322794868881,0.198639082604276,-0.000683712264605091,0.397961877473156,0.300858906329935,2411687327.01251,0.99656982401308,1.00106465143705,-0.00171803457393029,0.000532042498619266
"Zig-zag eel","Mastacembelus_armatus",0.296739443147777,6.0292038829457e-05,0.593418594256724,0.203247435346975,0.203333970396301,8.65350493258199e-05,0.406581405743275,0.296679151108948,579008264.146794,1.00042576207261,1.00020322303945,0.000212835727614312,0.000101601195872493
"Zebra mbuna","Maylandia_zebra",0.294155295520414,-7.89722868786424e-05,0.588389563327707,0.2057686433876,0.205841793284693,7.31498970930056e-05,0.411610436672293,0.294234267807293,957413517.703452,1.00035549584178,0.999731600647786,0.000177716332181451,-0.000134217688077275
"Turkey","Meleagris_gallopavo",0.297205064247509,-0.000418437149606765,0.594828565644624,0.202488377572779,0.202683056782597,0.000194679209817861,0.405171434355376,0.297623501397116,935922322.00123,1.00096143399513,0.998594072216601,0.000480486019769863,-0.000703458397552409
"Budgerigar","Melopsittacus_undulatus",0.293853985694917,0.000174830700357342,0.587533140689476,0.206299789391208,0.206167069919315,-0.000132719471893139,0.412466859310524,0.29367915499456,1086614586.58419,0.999356666954025,1.00059531191569,-0.00032177002563307,0.00029756738513878
"Mongolian gerbil","Meriones_unguiculatus",0.28958104038799,8.34382432201575e-05,0.57907864253276,0.210490233038043,0.210431124429197,-5.9108608845726e-05,0.42092135746724,0.28949760214477,2402551192.11772,0.999719185978406,1.00028821738972,-0.000140426727694202,0.000144087930536028
"Golden Hamster","Mesocricetus_auratus",0.290028794663408,0.000191880771433617,0.579865708555383,0.210060787420108,0.21007350402451,1.27166044021632e-05,0.420134291444617,0.289836913891975,2076175253.71631,1.00006053773557,1.0006620301357,3.02679516076575e-05,0.000330905533130505
"Mouse Lemur","Microcebus_murinus",0.294898242352769,-0.000374756962562506,0.5901712416681,0.204822689434507,0.205006068897393,0.000183379462885241,0.4098287583319,0.295272999315331,2386321837.68117,1.00089530834397,0.998730811948836,0.000447453867394858,-0.000634996990878897
"Prairie vole","Microtus_ochrogaster",0.288773524545057,6.04758842626119e-05,0.577486573205851,0.211342979332346,0.211170447461804,-0.000172531870542114,0.422513426794149,0.288713048660794,2104336966.68393,0.999183640397769,1.00020946709732,-0.000408346479900561,0.000104722580694624
"Ocean sunfish","Mola_mola",0.294265232714302,-0.000253462107198954,0.588783927535802,0.205577080949747,0.205638991514451,6.19105647039209e-05,0.411216072464197,0.294518694821501,626173659.946757,1.0003011549946,0.999139402314164,0.000150554827132422,-0.000430484079719621
"Opossum","Monodelphis_domestica",0.310848221895656,-7.8146347055108e-05,0.621774590138368,0.189113956284145,0.189111453577487,-2.5027066582195e-06,0.378225409861632,0.310926368242711,3501659777.43498,0.999986766145094,0.999748666066835,-6.61697123716536e-06,-0.000125682760753728
"Narwhal","Monodon_monoceros",0.293849088899583,-9.19145185551695e-05,0.587790092317722,0.206074364405582,0.206135543276696,6.1178871113704e-05,0.412209907682278,0.293941003418138,2344105028.4989,1.0002968776407,0.999687302834629,0.000148416789537381,-0.000156373031387345
"Swamp eel","Monopterus_albus",0.295505790005645,-4.0983465097677e-05,0.591052563476388,0.204452023627214,0.204495412896398,4.33892691842908e-05,0.408947436523612,0.295546773470743,629315813.930944,1.00021222225349,0.999861330020232,0.000106099868367277,-6.93397975581478e-05
"Siberian musk deer","Moschus_moschiferus",0.288498788004111,0.000192088042804739,0.576805487965417,0.211546786347463,0.21164772568712,0.000100939339657852,0.423194512034583,0.288306699961306,2964377836.71549,1.00047714900992,1.00066626284728,0.000238517600742429,0.000333020484049652
"Ryukyu mouse","Mus_caroli",0.291383820476469,-0.000266698153522205,0.583034339106461,0.208453257601808,0.208512403291731,5.9145689922574e-05,0.416965660893539,0.291650518629991,2272887909.91467,1.00028373598284,0.999085555702849,0.000141847867749654,-0.000457431296295408
"Mouse","Mus_musculus",0.29142266685978,-0.000339803024975438,0.583185136744535,0.208390772916165,0.2084240903393,3.33174231347821e-05,0.416814863255465,0.291762469884755,2677329733.07741,1.00015987955066,0.998835343609788,7.99333854713381e-05,-0.000582667498819142
"Shrew mouse","Mus_pahari",0.290433708928104,-0.000232788992757138,0.581100206848966,0.209442359807989,0.209457433343045,1.50735350562814e-05,0.418899793151034,0.290666497920862,2239959005.50012,1.00007196984922,0.999199119972813,3.59836297432752e-05,-0.000400600430035025
"Steppe mouse","Mus_spicilegus",0.291471548237728,-9.8365324278149e-05,0.583041461799735,0.208430025872071,0.208528512328195,9.84864561240362e-05,0.416958538200265,0.291569913562006,2390334022.11934,1.00047251568344,0.999662635547418,0.000236202037135724,-0.000168710684784774
"Algerian mouse","Mus_spretus",0.291611906695193,-0.00025097425426257,0.583474787644648,0.208253383014198,0.208271829341154,1.84463269564672e-05,0.416525212355352,0.291862880949455,2338147135.27951,1.00008857636159,0.999140095330225,4.4286219439533e-05,-0.000430137273412781
"Ferret","Mustela_putorius_furo",0.29279901793668,0.00033556207780433,0.585262473795557,0.207400181500064,0.20733734470438,-6.28367956841125e-05,0.414737526204443,0.292463455858876,2277905570.00171,0.999697026322592,1.00114736412732,-0.00015150979044307,0.000573353141246415
"Microbat","Myotis_lucifugus",0.287509566192048,3.54536495022484e-05,0.574983678734594,0.212487366559252,0.212528954706154,4.15881469020274e-05,0.425016321265406,0.287474112542546,1966416857.88737,1.00019572056248,1.00012332814662,9.78507055404519e-05,6.1660271088518e-05
"Pinecone soldierfish","Myripristis_murdjan",0.290893294276312,8.66355308672406e-05,0.581699953021758,0.209120731555306,0.209179315422937,5.85838676313011e-05,0.418300046978242,0.290806658745445,833387979.43681,1.00028014375808,1.00029791453621,0.000140052261658838,0.000148935083142426
"Indian cobra","Naja_naja",0.297656559373478,-4.16338419825246e-05,0.595354752588938,0.202355341112058,0.202289906299004,-6.54348130534332e-05,0.404645247411062,0.29769819321546,1658862268.7368,0.999676634119496,0.999860147481808,-0.000161709085852578,-6.99311491198772e-05
"Upper Galilee mountains blind mole rat","Nannospalax_galili",0.293523364030242,-0.000302239025220863,0.587348967085706,0.206305566663964,0.206345466250331,3.98995863667151e-05,0.412651032914294,0.293825603055463,2913431795.49005,1.00019340043515,0.998971365932451,9.66908675471607e-05,-0.000514581691903717
"Round goby","Neogobius_melanostomus",0.292373897,0.000600741000000016,0.584147053,0.208014492,0.207838455,-0.00017603699999999,0.415852947,0.291773156,1003717363,0.999153727231659,1.00205893169967,-0.000423315504362628,0.00102840713980289
"Lyretail cichlid","Neolamprologus_brichardi",0.298425357703814,0.00127802717886538,0.595572688228763,0.202548807502194,0.201878504269043,-0.000670303233151398,0.404427311771237,0.297147330524949,685922967.258991,0.996690658210149,1.00430098825592,-0.00165741336858711,0.00214587942685257
"American mink","Neovison_vison",0.291894871068613,-0.000212459483561189,0.584002201620787,0.208005780196138,0.207992018183075,-1.37620130636895e-05,0.415997798379213,0.292107330552174,2274180684.16323,0.999933838314249,0.9992726663752,-3.30819372537747e-05,-0.000363799114064208
"Gibbon","Nomascus_leucogenys",0.296335605453311,0.000247745292986934,0.592423465613635,0.203763584536813,0.203812949849552,4.93653127390525e-05,0.407576534386365,0.296087860160324,2756589282.31809,1.0002422675909,1.00083672897921,0.000121119123831247,0.00041818953395156
"Wallaby","Notamacropus_eugenii",0.305582043873055,-0.000679510556100382,0.61184359830221,0.194274004118372,0.193882397579418,-0.00039160653895412,0.38815640169779,0.306261554429155,2541704168.03198,0.997984256613584,0.997781273730662,-0.00100888852339222,-0.00111059518802835
"Mainland tiger snake","Notechis_scutatus",0.301352644822179,-6.81313780113713e-05,0.60277342102237,0.198604625158191,0.198621953819439,1.73286612488444e-05,0.39722657897763,0.301420776200191,1584917967.00499,1.00008725205284,0.99977396588626,4.36241232735341e-05,-0.000113029831169087
"Turquoise killifish","Nothobranchius_furzeri",0.287559512950422,0.000199176572577342,0.574919849328267,0.212559848411122,0.212520302260611,-3.95461505106331e-05,0.425080150671733,0.287360336377845,856807625.273021,0.999813952866422,1.0006931247892,-9.30322209779506e-05,0.000346442330718027
"Chilean tinamou","Nothoprocta_perdicaria",0.289415029913609,-0.000874530665380568,0.579704590492599,0.209844430101701,0.2104509794057,0.000606549303998338,0.420295409507401,0.29028956057899,952457774.843455,1.00289047130631,0.996987385066014,0.00144314996137891,-0.00150857985208888
"Helmeted guineafowl","Numida_meleagris",0.291211673735447,-0.000267702436292483,0.582691049907187,0.208599217235462,0.208709732857351,0.000110515621889018,0.417308950092813,0.29147937617174,1023140833.52442,1.00052979883316,0.999081573318125,0.000264829263461611,-0.000459424314712099
"Pika","Ochotona_princeps",0.27689335960221,-0.00065857544729625,0.554445294651716,0.222533952317168,0.223020753031116,0.000486800713947827,0.445554705348284,0.277551935049506,2761328940.90903,1.00218753457115,0.997627199222449,0.00109257226577217,-0.0011878096065545
"Degu","Octodon_degus",0.293308905219599,0.000445268629024942,0.586172541810174,0.207057696743186,0.20676976144664,-0.000287935296545444,0.413827458189826,0.292863636590574,2526243271.5596,0.998609395829885,1.00152039575213,-0.000695785866421086,0.000759620414238267
"Coho salmon","Oncorhynchus_kisutch",0.282233338195961,-7.34445089627944e-05,0.564540120900884,0.217686483964907,0.217773395134209,8.69111693014846e-05,0.435459879099116,0.282306782704923,2375424573.15393,1.00039924926766,0.999739841500586,0.00019958479178676,-0.000130096172519312
"Rainbow trout","Oncorhynchus_mykiss",0.286789952550539,0.00018728815690966,0.573392616944169,0.213384044444055,0.213223338611776,-0.000160705832278923,0.426607383055831,0.28660266439363,1927483369.43531,0.999246870436365,1.00065347667757,-0.000376706636270033,0.000326631615711745
"Chinook salmon","Oncorhynchus_tshawytscha",0.282287715963146,9.14257365888793e-05,0.564484006189702,0.217703485763575,0.217812508046723,0.000109022283148325,0.435515993810298,0.282196290226557,2358779696.4176,1.00050078336029,1.00032397922919,0.000250328999847965,0.00016196337821156
"Blue tilapia","Oreochromis_aureus",0.297832906701779,-0.000141063380888595,0.595806876784446,0.202049712440104,0.20214341077545,9.36983353461152e-05,0.404193123215554,0.297973970082667,825635717.362516,1.00046373901855,0.999526591598422,0.000231815758270945,-0.000236760242932929
"Nile tilapia","Oreochromis_niloticus",0.296270934761151,-0.000120174572227183,0.592662044094529,0.20359400135234,0.203743954553131,0.000149953200790615,0.407337955905471,0.296391109333378,1005621157.57665,1.00073653054508,0.99959454056332,0.000368129703153452,-0.000202770826012295
"Platypus","Ornithorhynchus_anatinus",0.269390043675685,0.000103353033850617,0.53867673431752,0.230691799404983,0.230631466277497,-6.03331274866281e-05,0.46132326568248,0.269286690641835,1843381547.01978,0.999738468694413,1.00038380297817,-0.000130782754685853,0.000191864669970499
"Rabbit","Oryctolagus_cuniculus",0.280921768317203,-0.000666984055756437,0.562510520690163,0.218653103394977,0.218836375914861,0.000183272519884287,0.437489479309837,0.281588752372959,2604020255.76228,1.00083818851431,0.997631354057519,0.000418918690738366,-0.00118572725526643
"Javanese ricefish","Oryzias_javanicus",0.305398624380313,0.000401186715687174,0.610396062044938,0.194824339853865,0.194779598101196,-4.47417526686922e-05,0.389603937955062,0.304997437664626,809638751.778718,0.999770348239331,1.00131537733156,-0.000114839066831642,0.000657256395696796
"Japanese medaka HdrR","Oryzias_latipes",0.295757834711396,-4.92539460137387e-05,0.591564923368806,0.204217681411314,0.20421739521988,-2.86191433718219e-07,0.408435076631194,0.29580708865741,733549371.661129,0.999998598596205,0.999833493016556,-7.00702388440165e-07,-8.3260423443044e-05
"Indian medaka","Oryzias_melastigma",0.304807447874765,3.79888369118619e-05,0.609576906912619,0.195178007106671,0.195245085980709,6.70788740378125e-05,0.390423093087381,0.304769459037854,738214237.382415,1.0003436804947,1.00012464778141,0.000171810723354931,6.23200066817943e-05
"Chinese medaka","Oryzias_sinensis",0.297688813958435,-8.4753506133739e-05,0.595462381423004,0.20226928222353,0.202268336353466,-9.45870063995269e-07,0.404537618576996,0.297773567464569,734064740.057533,0.999995323708803,0.999715375992384,-2.33815106570921e-06,-0.000142332259396806
"Bushbaby","Otolemur_garnettii",0.294645758259651,0.000427903900214022,0.588863612619087,0.205712648206174,0.205423739174739,-0.000288909031435303,0.411136387380913,0.294217854359436,2359209396.14281,0.998595569917773,1.00145437774722,-0.000702708493587146,0.00072666045421084
"Oriental scops-owl","Otus_sunia",0.291484120005662,3.90149234197334e-07,0.582967849862089,0.208426035941011,0.2086061141969,0.00018007825588956,0.417032150137911,0.291483729856427,1212024821.22126,1.00086399117594,1.00000133849404,0.000431809048367155,6.69246570440601e-07
"Sheep","Ovis_aries_rambouillet",0.290243586552959,-0.000389462983961253,0.580876636089879,0.209477373201866,0.209645990708256,0.000168617506390245,0.419123363910121,0.29063304953692,2869529168.59479,1.00080494376941,0.998659949429076,0.000402309966252333,-0.000670474520343751
"Bonobo","Pan_paniscus",0.296039667915768,-0.0004897815527517,0.592569117384288,0.203661697206001,0.203769185409711,0.000107488203709483,0.407430882615712,0.29652944946852,2725889792.80962,1.00052777819877,0.998348286979153,0.000263819480299104,-0.000826539113131121
"Chimpanzee","Pan_troglodytes",0.295870071196553,-0.000367098547928157,0.592107240941034,0.203874910206926,0.20401784885204,0.000142938645113888,0.407892759058966,0.296237169744481,3132618635.11449,1.00070110954295,0.99876079511479,0.000350431925890659,-0.00061998658780921
"Lion","Panthera_leo",0.29192043852027,-0.000342482051135351,0.584183359091675,0.207764817946595,0.208051822961729,0.000287005015134317,0.415816640908325,0.292262920571405,2388583846.11204,1.00138139372186,0.998828171392848,0.000690220128053012,-0.000586257800406816
"Leopard","Panthera_pardus",0.291752877644649,0.000562171747742313,0.582943583541555,0.208559225695304,0.208497190763141,-6.20349321637237e-05,0.417056416458445,0.291190705896906,2478865542.12374,0.999702554840444,1.00193059646602,-0.000148744701473511,0.000964367330929269
"Tiger","Panthera_tigris_altaica",0.293134425353283,0.000217119780735187,0.586051730925831,0.207093831666101,0.206854437408068,-0.000239394258032932,0.413948269074169,0.292917305572548,2332832494.03683,0.998844029993038,1.00074123234307,-0.000578319263342635,0.000370478866075842
"Olive baboon","Papio_anubis",0.294966490074,-0.000197418400388616,0.590130398548389,0.204962027045374,0.204907574406237,-5.44526391362543e-05,0.409869601451611,0.295163908474389,2936984814.28181,0.999734328158629,0.999331156707441,-0.000132853568411521,-0.000334533521530544
"Indian glassy fish","Parambassis_ranga",0.288050787740712,-8.1668383060729e-05,0.576183243864484,0.211923275617329,0.211893480518187,-2.97950991419715e-05,0.423816756135516,0.288132456123773,540450239.369053,0.999859406197572,0.999716559584577,-7.03018432155725e-05,-0.000141740295175847
"Paramormyrops kingsleyae","Paramormyrops_kingsleyae",0.280376730073903,-4.40499437415198e-06,0.560757865142181,0.219637078871574,0.219605055986245,-3.20228853292748e-05,0.439242134857819,0.280381135068277,735540091.547025,0.9998542009141,0.999984289262639,-7.29048576809246e-05,-7.85543038800729e-06
"Great Tit","Parus_major",0.293214298407529,9.65169286676892e-05,0.58633207988639,0.206917182418337,0.206750737695273,-0.00016644472306393,0.41366792011361,0.293117781478861,1002307709.70757,0.999195597382882,1.00032927694861,-0.000402363139540087,0.000164611372937996
"Indian peafowl","Pavo_cristatus",0.28983846499948,0.00299366771723997,0.576683262281721,0.211623809873748,0.211692927844531,6.91179707826006e-05,0.423316737718279,0.28684479728224,1023467567.76361,1.00032660772351,1.01043654180102,0.000163277197956201,0.00519118190702317
"Chinese softshell turtle","Pelodiscus_sinensis",0.277850905077241,-0.000202454092927518,0.55590426424741,0.221942398728439,0.222153337024151,0.000210938295712587,0.44409573575259,0.278053359170169,2106639183.11684,1.00095041910388,0.999271887620665,0.000474983835084836,-0.000364188774845256
"West African mud turtle","Pelusios_castaneus",0.283899093523325,-0.000303291439037845,0.568101478485688,0.215854757014352,0.21604376449996,0.000189007485608711,0.431898521514312,0.284202384962363,1994855565.89929,1.00087562344339,0.998932832885699,0.000437620126473268,-0.000533868420561567
"Periophthalmus magnuspinnatus","Periophthalmus_magnuspinnatus",0.300674446976202,-0.000231673790038411,0.601580567742443,0.199202810713849,0.199216621543709,1.38108298602668e-05,0.398419432257557,0.300906120766241,688088758.28117,1.00006933049695,0.999230079503041,3.4664046836297e-05,-0.000385108499943434
"Northern American deer mouse","Peromyscus_maniculatus_bairdii",0.288624428522041,8.67293716551587e-05,0.577162127672428,0.211445426342,0.211392445985572,-5.29803564275622e-05,0.422837872327572,0.288537699150386,2387875961.47511,0.999749437207775,1.00030058246084,-0.000125297093507552,0.000150268646359247
"Lamprey","Petromyzon_marinus",0.270549014135714,-0.00035922528241672,0.541457253553846,0.22932660045447,0.229216145991685,-0.000110454462784598,0.458542746446154,0.270908239418131,647368073.01836,0.999518353027666,0.998673996467629,-0.000240881496088759,-0.000663441629157151
"Koala","Phascolarctos_cinereus",0.30473992930474,1.12990000112889e-05,0.609468559609469,0.195205196195205,0.195326244195326,0.000121048000121055,0.390531440390531,0.304728630304729,3192581135.80742,1.0006201064443,1.00003707889213,0.000309957118945421,1.85391023591586e-05
"Ring-necked pheasant","Phasianus_colchicus",0.294315771668561,0.000747390424130967,0.587884152912992,0.206233780084245,0.205882067002764,-0.000351713081481103,0.412115847087008,0.29356838124443,1009562715.9506,0.998294590336571,1.00254588188606,-0.000853432557779918,0.00127132262441097
"Vaquita","Phocoena_sinus",0.293136863347097,-8.98126995524939e-05,0.586363539393746,0.206830370991761,0.206806089614493,-2.42813772675932e-05,0.413636460606254,0.293226676046649,2363476630.41595,0.999882602457506,0.999693708973674,-5.87022169950993e-05,-0.000153168970303565
"Sperm whale","Physeter_catodon",0.292910530309177,-0.000293959110247766,0.586115019728601,0.206896920925166,0.206988059346233,9.11384210664501e-05,0.413884980271399,0.293204489419424,2408701101.25126,1.00044050158243,0.99899742629852,0.000220202291483705,-0.000501538265277492
"Ugandan red Colobus","Piliocolobus_tephrosceles",0.296815712118025,-0.00035778874269865,0.593989212978749,0.202990793125419,0.203019993895832,2.92007704130182e-05,0.406010787021251,0.297173500860724,2949702036.02595,1.00014385268397,0.998796027432923,7.19211689601975e-05,-0.000602348889307946
"Common wall lizard","Podarcis_muralis",0.279084374715908,6.81716283701395e-06,0.558161932268978,0.220894067659812,0.220944000071209,4.99324113973632e-05,0.441838067731022,0.279077557553071,1508085136.68845,1.00022604686457,1.00002442748495,0.000113010659434082,1.22135933013231e-05
"Amazon molly","Poecilia_formosa",0.304178885968384,-1.42383856527317e-05,0.608372010322421,0.195911724085253,0.195716265592326,-0.000195458492927292,0.391627989677579,0.304193124354037,714187707.702845,0.999002313445814,0.999953192940561,-0.000499092245904613,-2.34040774577808e-05
"Sailfin molly","Poecilia_latipinna",0.303930320082884,-0.000339951029764918,0.608200591195533,0.195870903488524,0.195928505315943,5.76018274183465e-05,0.391799408804467,0.304270271112649,679775017.955153,1.00029408057242,0.998882733339272,0.000147018668542947,-0.000558945575992749
"Shortfin molly","Poecilia_mexicana",0.303728937352516,-0.000223177777819994,0.607681052482852,0.19616652943496,0.196152418082188,-1.41113527720171e-05,0.392318947517148,0.303952115130336,679826913.750979,0.999928064421527,0.999265746916338,-3.596908296508e-05,-0.000367261373228831
"Guppy","Poecilia_reticulata",0.303333677702499,-4.03621988123715e-05,0.60670771760381,0.19661869201682,0.19667359037937,5.48983625505151e-05,0.39329228239619,0.303374039901311,664169426.437106,1.00027921232711,0.999866955660328,0.000139586676392526,-6.6526595329596e-05
"Central bearded dragon","Pogona_vitticeps",0.29045383924598,-0.000373503163468902,0.581281181655429,0.209324129023723,0.209394689320848,7.05602971254604e-05,0.418718818344571,0.290827342409449,1747541078.06461,1.00033708630464,0.998715721980009,0.000168514750314841,-0.00064255161745509
"Orangutan","Pongo_abelii",0.296330466871822,-0.000356663201956375,0.5930175969456,0.203431382737782,0.203551020316618,0.000119637578836401,0.4069824030544,0.296687130073778,3093435100.96716,1.00058809794844,0.998797847409601,0.00029396253483817,-0.00060143780520748
"Hyrax","Procavia_capensis",0.294724560489749,0.000198271450274956,0.589250849529223,0.205428885409529,0.205320265061248,-0.000108620348281518,0.410749150470777,0.294526289039474,2407864108.00529,0.999471250851286,1.00067318761568,-0.000264444486755539,0.000336480550572584
"Greater bamboo lemur","Prolemur_simus",0.29619687858331,0.000683491912656264,0.591710265253964,0.204436269027437,0.203853465718599,-0.000582803308837448,0.408289734746036,0.295513386670654,2233359569.28239,0.99714921764318,1.00231289661818,-0.00142742581857945,0.00115511248121225
"Coquerel's sifaka","Propithecus_coquereli",0.293975608591958,0.000403527333586728,0.587547689850329,0.206421810184537,0.206030499965135,-0.000391310219401975,0.412452310149671,0.293572081258371,2083764218.02825,0.998104317469883,1.00137454260588,-0.000948740520473689,0.000686799285500591
"Eastern brown snake","Pseudonaja_textilis",0.300854873778536,0.000118532671586291,0.601591214885486,0.199212474237108,0.199196310877407,-1.6163359701088e-05,0.398408785114514,0.30073634110695,1550747962.69399,0.999918863716928,1.00039414149667,-4.05697873766567e-05,0.000197031919106156
"Megabat","Pteropus_vampyrus",0.300217310630499,-0.000115216331285695,0.600549837592283,0.1997192653267,0.199730897081017,1.16317543166489e-05,0.399450162407717,0.300332526961784,1839436059.34006,1.00005824052225,0.999616370785904,2.91194131616759e-05,-0.000191851406950035
"Makobe Island cichlid","Pundamilia_nyererei",0.297498806904857,0.00103189381129914,0.593965719998415,0.203248914918202,0.202785365083383,-0.000463549834818416,0.406034280001585,0.296466913093558,698760242.93523,0.99771929982994,1.00348063735184,-0.00114165196794863,0.00173729522858979
"Red-bellied piranha","Pygocentrus_nattereri",0.297797005990171,7.95264856284228e-05,0.595514485494713,0.202233735107486,0.202251779397802,1.80442903157385e-05,0.404485514505287,0.297717479504542,1252065704.18518,1.00008922492732,1.0002671206466,4.46104734747e-05,0.000133542487320619
"Rat","Rattus_norvegicus",0.290297925083703,-0.000123506165159604,0.580719356332566,0.209643296777483,0.209637346889951,-5.94988753221948e-06,0.419280643667434,0.290421431248863,2729861860.17527,0.999971618994627,0.999574734672202,-1.41907040596389e-05,-0.000212677886164473
"Greater horseshoe bat","Rhinolophus_ferrumequinum",0.297380511405465,0.000146864907397182,0.594614157903533,0.20268522356508,0.202700618531387,1.53949663062869e-05,0.405385842096467,0.297233646498068,2068201771.91669,1.00007595505008,1.00049410593023,3.797608280218e-05,0.000246991945020267
"Black snub-nosed monkey","Rhinopithecus_bieti",0.295661122113738,0.00076416770601162,0.590558076521464,0.204681538778698,0.204760384699838,7.88459211403802e-05,0.409441923478536,0.294896954407726,2801879988.29283,1.00038521266554,1.00259130416435,0.000192569242715844,0.00129397554007349
"Golden snub-nosed monkey","Rhinopithecus_roxellana",0.29519412253864,-0.000955605940722193,0.591343851018002,0.204188612858464,0.204467536123534,0.000278923265069453,0.408656148981998,0.296149728479362,2856043993.06453,1.00136600793337,0.996773233777289,0.000682537790668946,-0.00161599032285042
"Saccharomyces cerevisiae","Saccharomyces_cerevisiae",0.30901162,0.000996907999999963,0.617026332,0.191670161,0.191303507,-0.000366653999999994,0.382973668,0.308014712,12071326,0.998087057484133,1.00323655968745,-0.000957386971054088,0.00161566524522322
"Bolivian squirrel monkey","Saimiri_boliviensis_boliviensis",0.29637513674424,0.0004415644580677,0.592308709030413,0.203951843045388,0.203739447924199,-0.000212395121188258,0.407691290969587,0.295933572286173,2477146567.92302,0.998958601609003,1.00149210667332,-0.000520970464399992,0.000745497156019409
"Jewelled blenny","Salarias_fasciatus",0.278239751435391,-0.000120829995707006,0.556600332866489,0.221732635809462,0.221667031324049,-6.56044854130677e-05,0.443399667133511,0.278360581431098,787039672.585629,0.999704127968472,0.99956592274996,-0.000147957904066973,-0.000217085741010487
"Atlantic salmon","Salmo_salar",0.284786859634542,0.00132332523540496,0.568250394033678,0.216339481890693,0.215410124075629,-0.000929357815064924,0.431749605966322,0.283463534399137,3064120718.3685,0.995704169174564,1.0046684143631,-0.00215253888416384,0.00232877134674988
"Brown trout","Salmo_trutta",0.283138634208512,-0.000142457538624297,0.566419725955648,0.21670243508095,0.216877838963403,0.00017540388245274,0.433580274044353,0.283281091747136,2298273574.16426,1.000809422757,0.999497115964409,0.000404547653463584,-0.000251505256784527
"Argentine black and white tegu","Salvator_merianae",0.289568956635977,0.000140593993679716,0.578997319278275,0.210538680719957,0.210464000001769,-7.46807181883913e-05,0.421002680721725,0.289428362642297,1943148193.60414,0.999645287422088,1.00048576439571,-0.000177387749789066,0.000242823220416578
"Pike-perch","Sander_lucioperca",0.295149138930395,-0.000550005269246312,0.590848283130036,0.20454270551459,0.204609011355373,6.63058407827377e-05,0.409151716869964,0.295699144199641,900452261.95028,1.00032416624497,0.998139983560876,0.000162056855803958,-0.000930873939977693
"Tasmanian devil","Sarcophilus_harrisii",0.319169443055401,-0.00010748662863741,0.63844637273944,0.18082668688596,0.180726940374601,-9.97465113591889e-05,0.36155362726056,0.319276929684039,3086607877.0088,0.999448386114478,0.99966334357843,-0.000275883033216825,-0.000168356549942021
"Eurasian red squirrel","Sciurus_vulgaris",0.299768873661165,0.000334027970411044,0.59920371935192,0.200407676498609,0.200388604149471,-1.9072349138255e-05,0.40079628064808,0.299434845690754,2715231376.83888,0.999904832242599,1.00111552805299,-4.75861430336013e-05,0.000557453099210262
"Asian bonytongue","Scleropages_formosus",0.279008984353655,-0.00036387218334144,0.558381840890652,0.220819923626374,0.220798235482975,-2.16881433989236e-05,0.441618159109348,0.279372856536997,784481412.959408,0.99990178357531,0.998697539238952,-4.91106240800062e-05,-0.000651654757900155
"Turbot","Scophthalmus_maximus",0.283311167190347,-0.000105432555526808,0.566727766936221,0.216663905703544,0.216608327360235,-5.55783433088819e-05,0.433272233063779,0.283416599745874,498108720.697764,0.99974348130055,0.999627994423681,-0.000128275802296107,-0.000186037391632997
"Common canary","Serinus_canaria",0.287884066302128,0.000334434034586828,0.575433698569669,0.211974263554544,0.212592037875787,0.000617774321242603,0.424566301430331,0.287549632267541,1127218017.52481,1.00291438361848,1.00116304803435,0.0014550714909812,0.000581186043532237
"Greater amberjack","Seriola_dumerili",0.29587727254703,0.000358063665743424,0.591396481428316,0.204313953868046,0.204289564703637,-2.43891644087779e-05,0.408603518571684,0.295519208881286,672124233.91133,0.999880628983253,1.00121164261064,-5.96890709459204e-05,0.000605454508080001
"Yellowtail amberjack","Seriola_lalandi_dorsalis",0.296320102498243,0.000108192013154984,0.592532012983332,0.203758788640383,0.203709198376285,-4.95902640983981e-05,0.407467987016668,0.296211910485088,716375539.17319,0.999756622698686,1.00036525206896,-0.000121703460587125,0.000182592688300923
"Blind barbel","Sinocyclocheilus_anshuiensis",0.313786730223249,0.000373334247401547,0.627200126199097,0.186494349123038,0.186305524677865,-0.000188824445172292,0.372799873800903,0.313413395975848,1512896180.3286,0.998987505808834,1.00119118790771,-0.000506503511514426,0.00059523943284896
"Golden-line barbel","Sinocyclocheilus_grahami",0.312608775326434,0.000602151404158202,0.624615399248711,0.187794010280905,0.187590590470384,-0.0002034198105208,0.375384600751289,0.312006623922276,1567438952.39848,0.99891679287206,1.00192993147578,-0.000541897057347792,0.000964035476682886
"Horned golden-line barbel","Sinocyclocheilus_rhinocerous",0.314355272536645,0.000526027309649735,0.62818451776364,0.186043539828442,0.185771942407918,-0.0002715974205246,0.37181548223636,0.313829245226995,1521478356.72708,0.998540140545729,1.00167615771204,-0.000730462913730816,0.000837377068002903
"Shrew","Sorex_araneus",0.291573248897985,8.91708219519782e-05,0.583057326974017,0.208472174216257,0.208470498809726,-1.67540653006615e-06,0.416942673025983,0.291484078076033,1832864492.49875,0.999991963404534,1.00030592004387,-4.01831387971588e-06,0.000152936628744144
"Gilthead seabream","Sparus_aurata",0.290415614846028,0.000257806858331877,0.580573422833723,0.209787282966046,0.209639294200231,-0.000147988765815149,0.419426577166277,0.290157807987696,833215337.078253,0.999294577041454,1.00088850567255,-0.000352835928555096,0.00044405556333176
"Daurian ground squirrel","Spermophilus_dauricus",0.301208606465094,5.35531350225327e-05,0.602363659795166,0.198841873105175,0.19879446709966,-4.74060055150882e-05,0.397636340204835,0.301155053330072,2986950425.2622,0.999761589423924,1.00017782578918,-0.000119219499632926,8.89049897876367e-05
"Orbiculate cardinalfish","Sphaeramia_orbicularis",0.310549069807879,0.000125028071933431,0.620973111543825,0.18955878816062,0.189468100295555,-9.06878650651644e-05,0.379026888456175,0.310424041735946,1339095452.16424,0.999521584486031,1.00040276542768,-0.000239264991026224,0.00020134216701041
"Tuatara","Sphenodon_punctatus",0.263381403087084,1.25504168383417e-05,0.52675025575733,0.236649119539984,0.236600624702686,-4.84948372979632e-05,0.473249744242669,0.263368852670246,3849630720.66916,0.99979507704321,1.00004765338312,-0.00010247197782551,2.38261238626214e-05
"Rufous-capped babbler","Stachyris_ruficeps",0.289541413989178,0.000470558815652611,0.578612269162704,0.210812924490972,0.210574806346325,-0.000238118144647192,0.421387730837296,0.289070855173525,1032921053.33373,0.998870476536379,1.00162783209456,-0.00056508086786023,0.000813254126694454
"Bicolor damselfish","Stegastes_partitus",0.292275799804802,0.0011750329119114,0.583376566697692,0.208456309935834,0.208167123366474,-0.000289186569359917,0.416623433302308,0.29110076689289,749728354.047401,0.998612723359399,1.00403651603001,-0.000694119788384729,0.00201419285413345
"Kakapo","Strigops_habroptila",0.290058952540695,-0.00022815424698297,0.580346059328374,0.20978368608764,0.209870254583987,8.65684963468616e-05,0.419653940671626,0.290287106787678,1138032718.36856,1.000412655998,0.999214039336753,0.000206285436539247,-0.000393134825877873
"Northern spotted owl","Strix_occidentalis_caurina",0.291209567238638,0.00016762712458096,0.582251507352695,0.209030689678547,0.208717802968758,-0.000312886709789156,0.417748492647305,0.291041940114057,1241757456.52299,0.998503154200609,1.00057595521977,-0.000748983456065558,0.000287894702657114
"African ostrich","Struthio_camelus_australis",0.294855181651226,0.000188576355799053,0.589521786946652,0.205240235627346,0.205237977426002,-2.2582013436967e-06,0.410478213053348,0.294666605295427,1184788536.02765,0.999988997277572,1.00063996514166,-5.50139147921893e-06,0.000319880214734316
"Meerkat","Suricata_suricatta",0.291806409969257,0.00041343004968819,0.583199389888825,0.208431093893287,0.208369516217887,-6.15776753998265e-05,0.416800610111175,0.291392979919569,2346940146.02043,0.999704565790787,1.00141880579897,-0.000147738928173358,0.00070890000376544
"Pig","Sus_scrofa",0.290403415556462,-0.000468042941537128,0.581274874054462,0.209301075002303,0.209424050943236,0.000122975940933384,0.418725125945539,0.290871458497999,2472032609.37829,1.00058755522843,0.99839089423227,0.000293691334274932,-0.000805200710418588
"Zebra finch","Taeniopygia_guttata",0.289843012188577,4.52678742847157e-05,0.579640756502869,0.210201764101128,0.210157479396004,-4.42847051234929e-05,0.420359243497132,0.289797744314292,1055660684.0693,0.999789322866471,1.00015620506085,-0.00010534966414696,7.80964308959728e-05
"Fugu","Takifugu_rubripes",0.271660293939721,-1.26605855280126e-05,0.543333248464969,0.228257000802987,0.228409750732043,0.000152749929055701,0.456666751535031,0.271672954525249,380394457.334605,1.00066920150759,0.999953397696322,0.000334488833579958,-2.33016947955632e-05
"Three-toed box turtle","Terrapene_carolina_triunguis",0.278575035337694,-0.000107057907508479,0.557257128582896,0.221362387834088,0.221380483583016,1.80957489286093e-05,0.442742871417104,0.278682093245202,2439724537.19155,1.00008174717081,0.999615842172485,4.08719148220039e-05,-0.000192115815154715
"Tetraodon","Tetraodon_nigroviridis",0.268098558955919,8.39453405975243e-05,0.536113172571241,0.231926637341701,0.231960190087058,3.35527453571016e-05,0.463886827428759,0.268014613615322,301256077.189596,1.0001446696496,1.00031321180388,7.23295928515118e-05,0.000156581380373319
"Gelada","Theropithecus_gelada",0.295260684765274,0.000155218584676098,0.590366150945872,0.204886374532772,0.204747474521357,-0.000138900011415088,0.409633849054129,0.295105466180598,2842409719.57667,0.999322063208294,1.0005259766506,-0.000339083334387082,0.000262919180626142
"Tree Shrew","Tupaia_belangeri",0.293089713428634,-0.000361567522299877,0.586540994379568,0.206689059784154,0.206769945836278,8.08860521244181e-05,0.413459005620432,0.293451280950934,2137242028.208,1.00039134171982,0.998767878875402,0.000195632580316013,-0.000616440326873207
"Dolphin","Tursiops_truncatus",0.293032370313697,-0.000419534230937491,0.586484274858332,0.206788111914941,0.206727613226727,-6.04986882138114e-05,0.413515725141668,0.293451904544635,2298460141.24102,0.999707436333484,0.998570347561422,-0.000146303234763527,-0.000715337561333304
"Arctic ground squirrel","Urocitellus_parryii",0.300033543165728,-0.000437763724913998,0.600504850056369,0.199660007574571,0.19983514236906,0.000175134794489246,0.399495149943631,0.300471306890642,2253481957.18264,1.00087716511993,0.99854307644399,0.000438390289629192,-0.000728992821411692
"American black bear","Ursus_americanus",0.291223289362062,-3.97540943914976e-05,0.582486332818516,0.2087588874344,0.208754779747083,-4.10768731645694e-06,0.417513667181483,0.291263043456454,2451851654.97697,0.999980323293696,0.99986351136787,-9.83844994628985e-06,-6.82489736697112e-05
"Polar bear","Ursus_maritimus",0.292089714158439,0.000612331820173284,0.583567096496704,0.208289451447804,0.208143452055492,-0.000145999392311552,0.416432903503296,0.291477382338265,2263021735.61387,0.999299055274779,1.00210078674119,-0.000350595236551467,0.00104929120207301
"Asiatic black bear","Ursus_thibetanus_thibetanus",0.290463777202459,-5.55275876737427e-05,0.580983081992591,0.209463064727615,0.209553853279794,9.07885521793939e-05,0.419016918007409,0.290519304790132,2357710459.88833,1.0004334346597,0.999808867821318,0.000216670373623884,-9.55752230913512e-05
"Komodo dragon","Varanus_komodoensis",0.279798103988473,2.04162009896369e-05,0.559575791775956,0.220253513616527,0.220170694607517,-8.28190090099434e-05,0.440424208224044,0.279777687787483,1493296758.19601,0.999623983256158,1.00007297294202,-0.000188043725715943,3.64851397964178e-05
"Alpaca","Vicugna_pacos",0.301485764524791,-0.000228154736851061,0.603199683786434,0.198085761833192,0.198714554380375,0.000628792547182955,0.396800316213566,0.301713919261642,1922926530.46118,1.00317434499766,0.999243804404486,0.00158465737422579,-0.00037824080977443
"Common wombat","Vombatus_ursinus",0.305753009283776,0.000135607197920884,0.611370411369631,0.194308451037003,0.194321137593366,1.2686556363134e-05,0.388629588630369,0.305617402085855,3475175446.7232,1.00006529081106,1.00044371556395,3.26443398400124e-05,0.000221808572019519
"Red fox","Vulpes_vulpes",0.294541110380437,-0.000176707176675783,0.589258927937549,0.205338115910518,0.205402956151933,6.48402414152593e-05,0.410741072062451,0.294717817557112,2349836911.56355,1.00031577304159,0.999400419091928,0.000157861596576348,-0.000299880355303689
"Tropical clawed frog","Xenopus_tropicalis",0.299703950832766,0.000134352964952233,0.59927354870058,0.20035111407281,0.20037533722661,2.42231537997128e-05,0.40072645129942,0.299569597867814,1369865140.30329,1.00012090351437,1.00044848664854,6.04481029918674e-05,0.00022419305047512
"Monterrey platyfish","Xiphophorus_couchianus",0.306575896186585,0.000511943717730889,0.61263984865544,0.19369546232011,0.193664689024451,-3.07732956593976e-05,0.387360151344561,0.306063952468854,547240925.750146,0.999841125366125,1.00167266910592,-7.94436277262408e-05,0.000835635681966252
"Platyfish","Xiphophorus_maculatus",0.304955437784064,-0.000359531783362066,0.610270407351491,0.194755388875371,0.194974203773138,0.000218814897766151,0.389729592648509,0.305314969567426,700992396.029619,1.00112353706375,0.998822423335903,0.000561453125176195,-0.000589135207984926
"California sea lion","Zalophus_californianus",0.292990339750767,-4.32131500642807e-05,0.586023892651597,0.207024098207674,0.206952009140729,-7.20890669456964e-05,0.413976107348403,0.293033552900831,2391292899.78641,0.999651784175998,0.999852531733529,-0.000174138230844869,-7.37395703590737e-05
"White-throated sparrow","Zonotrichia_albicollis",0.292197494254051,-0.000412506405431889,0.584807494913533,0.207478052568556,0.207714452517911,0.00023639994935476,0.415192505086467,0.292610000659483,1006292754.31445,1.00113939737928,0.998590251855705,0.000569374317837283,-0.000705371270067051
"Silver-eye","Zosterops_lateralis_melanops",0.2945042768853,0.000153964784289473,0.58885458898631,0.205548771632862,0.205596639380828,4.78677479665568e-05,0.41114541101369,0.29435031210101,1000253689.12828,1.00023287781088,1.00052306648901,0.00011642534899888,0.000261464862750781
